-- MySQL dump 10.13  Distrib 5.6.12, for osx10.7 (x86_64)
--
-- Host: localhost    Database: csms
-- ------------------------------------------------------
-- Server version	5.6.12

/*!40101 SET @OLD_CHARACTER_SET_CLIENT=@@CHARACTER_SET_CLIENT */;
/*!40101 SET @OLD_CHARACTER_SET_RESULTS=@@CHARACTER_SET_RESULTS */;
/*!40101 SET @OLD_COLLATION_CONNECTION=@@COLLATION_CONNECTION */;
/*!40101 SET NAMES utf8 */;
/*!40103 SET @OLD_TIME_ZONE=@@TIME_ZONE */;
/*!40103 SET TIME_ZONE='+00:00' */;
/*!40014 SET @OLD_UNIQUE_CHECKS=@@UNIQUE_CHECKS, UNIQUE_CHECKS=0 */;
/*!40014 SET @OLD_FOREIGN_KEY_CHECKS=@@FOREIGN_KEY_CHECKS, FOREIGN_KEY_CHECKS=0 */;
/*!40101 SET @OLD_SQL_MODE=@@SQL_MODE, SQL_MODE='NO_AUTO_VALUE_ON_ZERO' */;
/*!40111 SET @OLD_SQL_NOTES=@@SQL_NOTES, SQL_NOTES=0 */;

--
-- Table structure for table `attachedfile`
--

DROP TABLE IF EXISTS `attachedfile`;
/*!40101 SET @saved_cs_client     = @@character_set_client */;
/*!40101 SET character_set_client = utf8 */;
CREATE TABLE `attachedfile` (
  `id` char(32) NOT NULL,
  `title` varchar(100) DEFAULT NULL,
  `fileName` varchar(100) DEFAULT NULL,
  `filePath` longtext,
  `fileType` varchar(10) DEFAULT NULL,
  `contentType` varchar(100) DEFAULT NULL,
  `superId` char(32) DEFAULT NULL,
  `createTime` datetime DEFAULT NULL,
  `isConvert` varchar(2) DEFAULT NULL,
  `extendType` varchar(45) DEFAULT NULL,
  PRIMARY KEY (`id`)
) ENGINE=InnoDB DEFAULT CHARSET=utf8;
/*!40101 SET character_set_client = @saved_cs_client */;

--
-- Dumping data for table `attachedfile`
--

LOCK TABLES `attachedfile` WRITE;
/*!40000 ALTER TABLE `attachedfile` DISABLE KEYS */;
/*!40000 ALTER TABLE `attachedfile` ENABLE KEYS */;
UNLOCK TABLES;

--
-- Table structure for table `department`
--

DROP TABLE IF EXISTS `department`;
/*!40101 SET @saved_cs_client     = @@character_set_client */;
/*!40101 SET character_set_client = utf8 */;
CREATE TABLE `department` (
  `id` char(32) NOT NULL,
  `name` varchar(50) DEFAULT NULL,
  `code` varchar(39) DEFAULT NULL,
  `superId` char(32) DEFAULT NULL,
  `isStore` char(1) DEFAULT NULL,
  `remark` mediumtext,
  `creator` char(32) DEFAULT NULL,
  `createTime` datetime DEFAULT NULL,
  `editor` char(32) DEFAULT NULL,
  `editTime` datetime DEFAULT NULL,
  PRIMARY KEY (`id`),
  KEY `FKA9601F72246F99D5` (`editor`)
) ENGINE=InnoDB DEFAULT CHARSET=utf8;
/*!40101 SET character_set_client = @saved_cs_client */;

--
-- Dumping data for table `department`
--

LOCK TABLES `department` WRITE;
/*!40000 ALTER TABLE `department` DISABLE KEYS */;
INSERT INTO `department` VALUES ('2b5bbf69df0d4e808fc9dadbb89c614b','市中','002-003','ff8080813c55b78c013c55dd0bb4003c','F','','ff8080813c55b78c013c55da5ed4003a','2013-02-19 16:05:06',NULL,NULL),('31c7fcf7ed8f4de89ba7877ddc698f56','历下','002-002','ff8080813c55b78c013c55dd0bb4003c','F','','ff8080813c55b78c013c55da5ed4003a','2013-02-19 16:03:56',NULL,NULL),('4028813518f35feb0118f392eee50043','系统部门','01','00000000000000000000000000000000','F','','XXXXXXXXXXXXXXXXXXXXXXXXXXXXXXXX','2008-03-28 12:08:55','XXXXXXXXXXXXXXXXXXXXXXXXXXXXXXXX','2013-01-12 10:46:06'),('4917a6691c1540b0b4dd8f21cb2bae20','测试部门','002-001','ff8080813c55b78c013c55cbaffe0004','F','测试','XXXXXXXXXXXXXXXXXXXXXXXXXXXXXXXX','2013-08-19 11:29:22',NULL,NULL),('6a4deea95e5d4d92aca60765cc451a56','天桥','002-001','ff8080813c55b78c013c55dd0bb4003c','F','','ff8080813c55b78c013c55da5ed4003a','2013-02-19 16:03:34',NULL,NULL),('6d07813abfbb477bbd2f736328a78619','重客','002-003','ff8080813c55b78c013c55dd0bb4003c','F','','ff8080813c55b78c013c55da5ed4003a','2013-02-19 16:04:47',NULL,NULL),('8842f7e319234b0d95fd804ca1f6bb6c','槐荫','002-003','ff8080813c55b78c013c55dd0bb4003c','F','','ff8080813c55b78c013c55da5ed4003a','2013-02-19 16:04:11',NULL,NULL),('c15f6712b1b9423f8bcb1dde4f91479f','历城','002-003','ff8080813c55b78c013c55dd0bb4003c','F','','ff8080813c55b78c013c55da5ed4003a','2013-02-19 16:04:28',NULL,NULL),('cc5db3503d7b4b669ed74683389389f9','国美集团','002','00000000000000000000000000000000','F','','ff8080813c55b78c013c55eb4bb50072','2013-01-20 15:02:59',NULL,NULL),('ff8080813c55b78c013c55cbaffe0004','山东移动通信','002','00000000000000000000000000000000','F','','XXXXXXXXXXXXXXXXXXXXXXXXXXXXXXXX','2013-01-20 10:31:17',NULL,NULL),('ff8080813c55b78c013c55dd0bb4003c','济南','002','00000000000000000000000000000000','F','','ff8080813c55b78c013c55da5ed4003a','2013-01-20 10:50:15',NULL,NULL),('ff8080813c55b78c013c55dd38de003d','青岛','002','00000000000000000000000000000000','F','','ff8080813c55b78c013c55da5ed4003a','2013-01-20 10:50:26',NULL,NULL),('ff8080813c55b78c013c55ea817b0070','市中区','003','00000000000000000000000000000000','F','','ff8080813c55b78c013c55ddb9fa003e','2013-01-20 11:04:57',NULL,NULL),('ff8080813c55b78c013c55eaabfe0071','槐阴区','003','00000000000000000000000000000000','F','','ff8080813c55b78c013c55ddb9fa003e','2013-01-20 11:05:08',NULL,NULL);
/*!40000 ALTER TABLE `department` ENABLE KEYS */;
UNLOCK TABLES;

--
-- Table structure for table `dictionary`
--

DROP TABLE IF EXISTS `dictionary`;
/*!40101 SET @saved_cs_client     = @@character_set_client */;
/*!40101 SET character_set_client = utf8 */;
CREATE TABLE `dictionary` (
  `id` char(32) NOT NULL,
  `name` varchar(50) DEFAULT NULL,
  `superId` char(32) DEFAULT NULL,
  `sortNum` int(11) DEFAULT NULL,
  `remark` mediumtext,
  `chooseWay` varchar(20) DEFAULT NULL,
  `creator` char(32) DEFAULT NULL,
  `createTime` datetime DEFAULT NULL,
  `editor` char(32) DEFAULT NULL,
  `editTime` datetime DEFAULT NULL,
  PRIMARY KEY (`id`),
  KEY `FK91774CB6AFB1F894` (`creator`),
  CONSTRAINT `FK91774CB6AFB1F894` FOREIGN KEY (`creator`) REFERENCES `users` (`id`)
) ENGINE=InnoDB DEFAULT CHARSET=utf8;
/*!40101 SET character_set_client = @saved_cs_client */;

--
-- Dumping data for table `dictionary`
--

LOCK TABLES `dictionary` WRITE;
/*!40000 ALTER TABLE `dictionary` DISABLE KEYS */;
/*!40000 ALTER TABLE `dictionary` ENABLE KEYS */;
UNLOCK TABLES;

--
-- Table structure for table `intercom`
--

DROP TABLE IF EXISTS `intercom`;
/*!40101 SET @saved_cs_client     = @@character_set_client */;
/*!40101 SET character_set_client = utf8 */;
CREATE TABLE `intercom` (
  `id` char(32) NOT NULL,
  `title` varchar(200) DEFAULT NULL,
  `contents` mediumtext,
  `sender` char(32) DEFAULT NULL,
  `replier` mediumtext,
  `copier` mediumtext,
  `readFlag` varchar(1) DEFAULT NULL,
  `sendTime` datetime DEFAULT NULL,
  `type` varchar(50) DEFAULT NULL,
  `owner` char(32) DEFAULT NULL,
  `inform` varchar(1) DEFAULT NULL,
  `flagType` varchar(2) DEFAULT NULL,
  PRIMARY KEY (`id`),
  KEY `FK25DA03453C63929D` (`sender`),
  KEY `FK25DA034578B76B1B` (`owner`),
  CONSTRAINT `FK25DA03453C63929D` FOREIGN KEY (`sender`) REFERENCES `users` (`id`),
  CONSTRAINT `FK25DA034578B76B1B` FOREIGN KEY (`owner`) REFERENCES `users` (`id`)
) ENGINE=InnoDB DEFAULT CHARSET=utf8;
/*!40101 SET character_set_client = @saved_cs_client */;

--
-- Dumping data for table `intercom`
--

LOCK TABLES `intercom` WRITE;
/*!40000 ALTER TABLE `intercom` DISABLE KEYS */;
/*!40000 ALTER TABLE `intercom` ENABLE KEYS */;
UNLOCK TABLES;

--
-- Table structure for table `role`
--

DROP TABLE IF EXISTS `role`;
/*!40101 SET @saved_cs_client     = @@character_set_client */;
/*!40101 SET character_set_client = utf8 */;
CREATE TABLE `role` (
  `id` char(32) NOT NULL,
  `name` varchar(100) DEFAULT NULL,
  `remark` mediumtext,
  `createTime` datetime DEFAULT NULL,
  `creator` char(32) DEFAULT NULL,
  `editTime` datetime DEFAULT NULL,
  `editor` char(32) DEFAULT NULL,
  `superid` char(32) DEFAULT NULL,
  PRIMARY KEY (`id`),
  KEY `FK26F496AFB1F894` (`creator`),
  KEY `FK26F496246F99D5` (`editor`),
  CONSTRAINT `FK26F496246F99D5` FOREIGN KEY (`editor`) REFERENCES `users` (`id`),
  CONSTRAINT `FK26F496AFB1F894` FOREIGN KEY (`creator`) REFERENCES `users` (`id`)
) ENGINE=InnoDB DEFAULT CHARSET=utf8;
/*!40101 SET character_set_client = @saved_cs_client */;

--
-- Dumping data for table `role`
--

LOCK TABLES `role` WRITE;
/*!40000 ALTER TABLE `role` DISABLE KEYS */;
INSERT INTO `role` VALUES ('402881c92ca0977f012ca09978a30001','管理员','全部功能','2010-12-01 14:23:21','XXXXXXXXXXXXXXXXXXXXXXXXXXXXXXXX','2013-10-05 16:19:30','XXXXXXXXXXXXXXXXXXXXXXXXXXXXXXXX','00000000000000000000000000000000'),('8a07898a3d10a0750140955cf73a000b','testJ','测试下一步','2013-08-19 14:57:12','XXXXXXXXXXXXXXXXXXXXXXXXXXXXXXXX',NULL,NULL,NULL),('ff8080813c55b78c013c55cc91690005','省级管理员','','2013-01-20 10:32:15','XXXXXXXXXXXXXXXXXXXXXXXXXXXXXXXX','2013-12-01 18:50:10','XXXXXXXXXXXXXXXXXXXXXXXXXXXXXXXX','00000000000000000000000000000000'),('ff8080813c55b78c013c55df0e67003f','市级管理员','','2013-01-20 10:52:27','XXXXXXXXXXXXXXXXXXXXXXXXXXXXXXXX','2013-12-01 18:51:14','XXXXXXXXXXXXXXXXXXXXXXXXXXXXXXXX','ff8080813c55b78c013c55cc91690005'),('ff8080813c55b78c013c55df64c50040','区级管理员','','2013-01-20 10:52:49','XXXXXXXXXXXXXXXXXXXXXXXXXXXXXXXX','2013-12-01 18:52:51','XXXXXXXXXXXXXXXXXXXXXXXXXXXXXXXX','ff8080813c55b78c013c55df0e67003f'),('ff8080813c55b78c013c55dfdbb60041','开销户管理员','','2013-01-20 10:53:19','XXXXXXXXXXXXXXXXXXXXXXXXXXXXXXXX','2013-12-01 19:25:23','XXXXXXXXXXXXXXXXXXXXXXXXXXXXXXXX','ff8080813c55b78c013c55df0e67003f'),('ff8080813c55b78c013c55e0649d0042','企业管理员','','2013-01-20 10:53:54','XXXXXXXXXXXXXXXXXXXXXXXXXXXXXXXX','2013-12-01 19:35:39','XXXXXXXXXXXXXXXXXXXXXXXXXXXXXXXX','ff8080813c55b78c013c55df0e67003f'),('ff8080813c56e38d013c56e38d290000','审核管理员','','2013-01-20 15:36:58','XXXXXXXXXXXXXXXXXXXXXXXXXXXXXXXX','2013-11-29 20:44:41','XXXXXXXXXXXXXXXXXXXXXXXXXXXXXXXX','00000000000000000000000000000000');
/*!40000 ALTER TABLE `role` ENABLE KEYS */;
UNLOCK TABLES;

--
-- Table structure for table `sms_content`
--

DROP TABLE IF EXISTS `sms_content`;
/*!40101 SET @saved_cs_client     = @@character_set_client */;
/*!40101 SET character_set_client = utf8 */;
CREATE TABLE `sms_content` (
  `id` char(32) NOT NULL,
  `content` varchar(30) NOT NULL,
  `remark` varchar(100) DEFAULT NULL,
  `reason` varchar(100) DEFAULT NULL,
  `state` char(1) NOT NULL,
  `creator` char(32) NOT NULL,
  `createtime` mediumtext NOT NULL,
  `department` char(32) NOT NULL,
  PRIMARY KEY (`id`)
) ENGINE=InnoDB DEFAULT CHARSET=utf8;
/*!40101 SET character_set_client = @saved_cs_client */;

--
-- Dumping data for table `sms_content`
--

LOCK TABLES `sms_content` WRITE;
/*!40000 ALTER TABLE `sms_content` DISABLE KEYS */;
INSERT INTO `sms_content` VALUES ('402881e642ac8da00142ac8da07a0000','啊实打实大师分啊','',NULL,'0','ff8080813c56c46e013c56c615550001','1385874432122','402881e5423aa6da01423aa6da1e0000'),('8a07898a3d10a075013d10a075790000','测试内容池','','','1','ff8080813c56c46e013c56c615550001','1361783584121','402881e5423aa6da01423aa6da1e0000'),('8a07898a3d10a07501409527e94d0006','测试内容 ','','没有备注','2','ff8080813c56c46e013c56c615550001','1376891955533','402881e5423aa6da01423aa6da1e0000'),('8a07898a3d10a07501409528d9b90007','测试说明','备注测试','测试通过备注','1','ff8080813c56c46e013c56c615550001','1376892017081','402881e5423aa6da01423aa6da1e0000'),('ff8080813c57081a013c57081aba0000','有国美生活美','','','1','ff8080813c56c46e013c56c615550001','1358669814458','cc5db3503d7b4b669ed74683389389f9');
/*!40000 ALTER TABLE `sms_content` ENABLE KEYS */;
UNLOCK TABLES;

--
-- Table structure for table `sms_district`
--

DROP TABLE IF EXISTS `sms_district`;
/*!40101 SET @saved_cs_client     = @@character_set_client */;
/*!40101 SET character_set_client = utf8 */;
CREATE TABLE `sms_district` (
  `id` char(32) NOT NULL,
  `name` varchar(45) DEFAULT NULL,
  `parentId` char(32) DEFAULT NULL,
  `createtime` datetime DEFAULT NULL,
  `type` varchar(20) DEFAULT NULL,
  PRIMARY KEY (`id`)
) ENGINE=InnoDB DEFAULT CHARSET=utf8;
/*!40101 SET character_set_client = @saved_cs_client */;

--
-- Dumping data for table `sms_district`
--

LOCK TABLES `sms_district` WRITE;
/*!40000 ALTER TABLE `sms_district` DISABLE KEYS */;
INSERT INTO `sms_district` VALUES ('402881e64232c368014232c3689a0000','山东','00000000000000000000000000000000','2013-11-07 21:32:16','PROVINCE'),('402881e64232c368014232c3c3910001','济南','402881e64232c368014232c3689a0000','2013-11-07 21:32:39','CITY'),('402881e64232ca73014232ca73230000','市中区','402881e64232c368014232c3c3910001','2013-11-07 21:39:57','AREA'),('402881e64232ca73014232caa6a70001','青岛','402881e64232c368014232c3689a0000','2013-11-07 21:40:11','CITY');
/*!40000 ALTER TABLE `sms_district` ENABLE KEYS */;
UNLOCK TABLES;

--
-- Table structure for table `sms_enterprise`
--

DROP TABLE IF EXISTS `sms_enterprise`;
/*!40101 SET @saved_cs_client     = @@character_set_client */;
/*!40101 SET character_set_client = utf8 */;
CREATE TABLE `sms_enterprise` (
  `id` char(32) NOT NULL,
  `name` varchar(45) DEFAULT NULL,
  `district` varchar(45) DEFAULT NULL,
  `number` varchar(45) DEFAULT NULL,
  `code` varchar(45) DEFAULT NULL,
  `createTime` datetime DEFAULT NULL,
  PRIMARY KEY (`id`)
) ENGINE=InnoDB DEFAULT CHARSET=utf8;
/*!40101 SET character_set_client = @saved_cs_client */;

--
-- Dumping data for table `sms_enterprise`
--

LOCK TABLES `sms_enterprise` WRITE;
/*!40000 ALTER TABLE `sms_enterprise` DISABLE KEYS */;
INSERT INTO `sms_enterprise` VALUES ('402881e5423aa6da01423aa6da1e0000','22','402881e64232ca73014232ca73230000','22','22','2013-11-09 10:18:02');
/*!40000 ALTER TABLE `sms_enterprise` ENABLE KEYS */;
UNLOCK TABLES;

--
-- Table structure for table `sms_globalrule`
--

DROP TABLE IF EXISTS `sms_globalrule`;
/*!40101 SET @saved_cs_client     = @@character_set_client */;
/*!40101 SET character_set_client = utf8 */;
CREATE TABLE `sms_globalrule` (
  `id` char(32) NOT NULL,
  `name` varchar(30) NOT NULL,
  `content` char(32) NOT NULL,
  `state` char(1) NOT NULL,
  `department` char(32) NOT NULL,
  `creator` char(32) NOT NULL,
  `createtime` mediumtext NOT NULL,
  PRIMARY KEY (`id`)
) ENGINE=InnoDB DEFAULT CHARSET=utf8;
/*!40101 SET character_set_client = @saved_cs_client */;

--
-- Dumping data for table `sms_globalrule`
--

LOCK TABLES `sms_globalrule` WRITE;
/*!40000 ALTER TABLE `sms_globalrule` DISABLE KEYS */;
INSERT INTO `sms_globalrule` VALUES ('4028d8ee41b74e140141b750496d0005','cloud','cloud','1','cc5db3503d7b4b669ed74683389389f9','','1381759994221'),('8a07898a3d10a0750140a9cbf53b000d','123','8a07898a3d10a075013d10a075790000','0','cc5db3503d7b4b669ed74683389389f9','ff8080813c56c46e013c56c615550001','1377238250811'),('ff8080813c40ebfb013c40ebfb970000','测试','ff8080813c3bae36013c3bb003140002','0','4028813518f35feb0118f392eee50043','XXXXXXXXXXXXXXXXXXXXXXXXXXXXXXXX','1358298872727'),('ff8080813c4b770c013c4b7942da0002','测试2','ff8080813c4b5ba1013c4b5cbc150001','0','4028813518f35feb0118f392eee50043','XXXXXXXXXXXXXXXXXXXXXXXXXXXXXXXX','1358475903706'),('ff8080813c5720d4013c5720d44a0000','全局策略','ff8080813c57081a013c57081aba0000','0','cc5db3503d7b4b669ed74683389389f9','ff8080813c56c46e013c56c615550001','1358671434826');
/*!40000 ALTER TABLE `sms_globalrule` ENABLE KEYS */;
UNLOCK TABLES;

--
-- Table structure for table `sms_group`
--

DROP TABLE IF EXISTS `sms_group`;
/*!40101 SET @saved_cs_client     = @@character_set_client */;
/*!40101 SET character_set_client = utf8 */;
CREATE TABLE `sms_group` (
  `id` char(32) NOT NULL,
  `name` varchar(30) NOT NULL,
  `rule` char(32) DEFAULT NULL,
  `remark` varchar(50) DEFAULT NULL,
  `creator` char(32) NOT NULL,
  `createtime` mediumtext,
  `department` char(32) NOT NULL,
  `type` char(1) DEFAULT NULL,
  PRIMARY KEY (`id`)
) ENGINE=InnoDB DEFAULT CHARSET=utf8;
/*!40101 SET character_set_client = @saved_cs_client */;

--
-- Dumping data for table `sms_group`
--

LOCK TABLES `sms_group` WRITE;
/*!40000 ALTER TABLE `sms_group` DISABLE KEYS */;
INSERT INTO `sms_group` VALUES ('402881e94260ddb7014260ddb7da0000','技术部',NULL,NULL,'ff8080813c56c46e013c56c615550001','1384604612570','402881e5423aa6da01423aa6da1e0000','1'),('ff8080813c56c46e013c56c46ed90000','默认部门',NULL,NULL,'ff8080813c55b78c013c55eb4bb50072','1358665379545','402881e5423aa6da01423aa6da1e0000','0');
/*!40000 ALTER TABLE `sms_group` ENABLE KEYS */;
UNLOCK TABLES;

--
-- Table structure for table `sms_message`
--

DROP TABLE IF EXISTS `sms_message`;
/*!40101 SET @saved_cs_client     = @@character_set_client */;
/*!40101 SET character_set_client = utf8 */;
CREATE TABLE `sms_message` (
  `id` char(32) NOT NULL,
  `messageid` varchar(45) DEFAULT NULL,
  `sourcenumber` char(15) DEFAULT NULL,
  `desnumber` char(15) DEFAULT NULL,
  `orilength` int(11) DEFAULT NULL,
  `state` char(1) DEFAULT NULL,
  `suffix` varchar(45) DEFAULT NULL,
  `strategycode` varchar(45) DEFAULT NULL,
  `createtime` datetime DEFAULT NULL,
  `depid` char(32) DEFAULT NULL,
  PRIMARY KEY (`id`)
) ENGINE=InnoDB DEFAULT CHARSET=utf8;
/*!40101 SET character_set_client = @saved_cs_client */;

--
-- Dumping data for table `sms_message`
--

LOCK TABLES `sms_message` WRITE;
/*!40000 ALTER TABLE `sms_message` DISABLE KEYS */;
/*!40000 ALTER TABLE `sms_message` ENABLE KEYS */;
UNLOCK TABLES;

--
-- Table structure for table `sms_number`
--

DROP TABLE IF EXISTS `sms_number`;
/*!40101 SET @saved_cs_client     = @@character_set_client */;
/*!40101 SET character_set_client = utf8 */;
CREATE TABLE `sms_number` (
  `id` char(32) NOT NULL,
  `number` varchar(20) NOT NULL,
  `smsgroup` char(32) DEFAULT NULL,
  `remark` varchar(50) DEFAULT NULL,
  `creator` char(32) DEFAULT NULL,
  `createtime` mediumtext,
  `department` char(32) NOT NULL,
  `name` varchar(45) DEFAULT NULL,
  PRIMARY KEY (`id`)
) ENGINE=InnoDB DEFAULT CHARSET=utf8;
/*!40101 SET character_set_client = @saved_cs_client */;

--
-- Dumping data for table `sms_number`
--

LOCK TABLES `sms_number` WRITE;
/*!40000 ALTER TABLE `sms_number` DISABLE KEYS */;
INSERT INTO `sms_number` VALUES ('402881e5423aa6da01423aa6da1e0001','13848495847','402881e94260ddb7014260ddb7da0000','',NULL,NULL,'402881e5423aa6da01423aa6da1e0000','王大狗'),('402881e5423aa6da01423aa6da1e0002','13848495848','ff8080813c56c46e013c56c46ed90000','11112222',NULL,NULL,'402881e5423aa6da01423aa6da1e0000','王二狗');
/*!40000 ALTER TABLE `sms_number` ENABLE KEYS */;
UNLOCK TABLES;

--
-- Table structure for table `sms_previousrule`
--

DROP TABLE IF EXISTS `sms_previousrule`;
/*!40101 SET @saved_cs_client     = @@character_set_client */;
/*!40101 SET character_set_client = utf8 */;
CREATE TABLE `sms_previousrule` (
  `id` char(32) NOT NULL,
  `name` varchar(30) NOT NULL,
  `executeDate` mediumtext NOT NULL,
  `rule` char(32) NOT NULL,
  `creator` char(32) NOT NULL,
  `createtime` mediumtext NOT NULL,
  `content` char(32) NOT NULL,
  PRIMARY KEY (`id`)
) ENGINE=InnoDB DEFAULT CHARSET=utf8;
/*!40101 SET character_set_client = @saved_cs_client */;

--
-- Dumping data for table `sms_previousrule`
--

LOCK TABLES `sms_previousrule` WRITE;
/*!40000 ALTER TABLE `sms_previousrule` DISABLE KEYS */;
INSERT INTO `sms_previousrule` VALUES ('8a07898a3d10a075013d10a2d97c0001','策略二','1361836800000','ff8080813c57081a013c571070440003','ff8080813c56c46e013c56c615550001','1361783740796','8a07898a3d10a075013d10a075790000'),('8a07898a3d10a075014095339f07000a','4','1376956800000','8a07898a3d10a075013eb02b2d860003','ff8080813c56c46e013c56c615550001','1376892722951','8a07898a3d10a07501409528d9b90007'),('ff8080813c4268c2013c426b54a70001','112313','1358294400000','add','XXXXXXXXXXXXXXXXXXXXXXXXXXXXXXXX','1358323995815','ff8080813c3bae36013c3bb003140002'),('ff8080813c426e4a013c426e4ad30000','123123','1358294400000','ff8080813c3cc8ca013c3cc8ca6f0000','XXXXXXXXXXXXXXXXXXXXXXXXXXXXXXXX','1358324189907','ff8080813c3bae36013c3bb003140002'),('ff8080813c426e4a013c426ea9520001','33333','1358380800000','ff8080813c3cd714013c3cd714680000','XXXXXXXXXXXXXXXXXXXXXXXXXXXXXXXX','1358324214098','ff8080813c3bae36013c3bb003140002'),('ff8080813c426e4a013c429cf2470002','33222323','1358380800000','ff8080813c3cc8ca013c3cc8ca6f0000','XXXXXXXXXXXXXXXXXXXXXXXXXXXXXXXX','1358327247431','ff8080813c3bae36013c3bb003140002');
/*!40000 ALTER TABLE `sms_previousrule` ENABLE KEYS */;
UNLOCK TABLES;

--
-- Table structure for table `sms_rule`
--

DROP TABLE IF EXISTS `sms_rule`;
/*!40101 SET @saved_cs_client     = @@character_set_client */;
/*!40101 SET character_set_client = utf8 */;
CREATE TABLE `sms_rule` (
  `id` char(32) NOT NULL,
  `name` varchar(30) DEFAULT NULL,
  `content` char(32) DEFAULT NULL,
  `state` varchar(1) DEFAULT NULL,
  `creator` char(32) DEFAULT NULL,
  `createtime` mediumtext,
  `ruleday` char(7) DEFAULT NULL,
  `rulestarttime` varchar(5) DEFAULT NULL,
  `ruleendtime` varchar(5) DEFAULT NULL,
  `department` char(32) DEFAULT NULL,
  `timetype` char(1) DEFAULT NULL,
  `type` char(1) DEFAULT NULL,
  `smsgroup` char(32) DEFAULT NULL,
  PRIMARY KEY (`id`)
) ENGINE=InnoDB DEFAULT CHARSET=utf8;
/*!40101 SET character_set_client = @saved_cs_client */;

--
-- Dumping data for table `sms_rule`
--

LOCK TABLES `sms_rule` WRITE;
/*!40000 ALTER TABLE `sms_rule` DISABLE KEYS */;
INSERT INTO `sms_rule` VALUES ('402881e94260e5cd014260e68c400001',NULL,'8a07898a3d10a075013d10a075790000','1','','2013-11-16 20:33:11','1111111','8:00','18:00',NULL,'0','0','ff8080813c56c46e013c56c46ed90000'),('402881e94260e5cd014260e6c3900003',NULL,'8a07898a3d10a07501409528d9b90007','0','','2013-11-16 20:33:25','1100000',NULL,NULL,NULL,'1','1','402881e94260ddb7014260ddb7da0000');
/*!40000 ALTER TABLE `sms_rule` ENABLE KEYS */;
UNLOCK TABLES;

--
-- Table structure for table `sms_warn`
--

DROP TABLE IF EXISTS `sms_warn`;
/*!40101 SET @saved_cs_client     = @@character_set_client */;
/*!40101 SET character_set_client = utf8 */;
CREATE TABLE `sms_warn` (
  `id` char(32) NOT NULL,
  `cpu` int(11) DEFAULT NULL,
  `memusage` int(11) DEFAULT NULL,
  `storage` int(11) DEFAULT NULL,
  `createtime` datetime DEFAULT NULL,
  `memtotal` int(11) DEFAULT NULL,
  PRIMARY KEY (`id`)
) ENGINE=InnoDB DEFAULT CHARSET=utf8;
/*!40101 SET character_set_client = @saved_cs_client */;

--
-- Dumping data for table `sms_warn`
--

LOCK TABLES `sms_warn` WRITE;
/*!40000 ALTER TABLE `sms_warn` DISABLE KEYS */;
INSERT INTO `sms_warn` VALUES ('402881e6418878800141887880740000',13,7082,0,'2013-10-05 19:55:00',8192),('402881e641887880014188796a750001',15,7084,0,'2013-10-05 19:56:00',8192),('402881e6418878800141887a54d60002',15,7166,0,'2013-10-05 19:57:00',8192),('402881e6418888fb01418888fb110000',45,7071,0,'2013-10-05 20:13:00',8192),('402881e6418888fb01418889e5350001',12,7072,0,'2013-10-05 20:14:00',8192),('402881e6418888fb0141888acf950002',23,7047,0,'2013-10-05 20:15:00',8192),('402881e641888d8e0141888d8ec90000',34,7045,0,'2013-10-05 20:18:00',8192),('402881e641888d8e0141888e79150001',14,7081,0,'2013-10-05 20:19:00',8192),('402881e641888d8e0141888f63760002',30,7091,0,'2013-10-05 20:20:00',8192),('402881e641888d8e014188904dd50003',45,7121,0,'2013-10-05 20:21:00',8192),('402881e641888d8e0141889138350004',15,7096,0,'2013-10-05 20:22:00',8192),('402881e641888d8e0141889222950005',35,7135,0,'2013-10-05 20:23:00',8192),('402881e6418893f701418893f7690000',38,7124,0,'2013-10-05 20:25:00',8192),('402881e6418893f701418894e1b50001',18,7193,0,'2013-10-05 20:26:00',8192),('402881e64188988b014188988b480000',32,6823,0,'2013-10-05 20:30:00',8192),('402881e64188988b0141889d1f160001',13,6961,0,'2013-10-05 20:35:00',8192),('402881e64188988b014188a1b2f60007',19,7085,0,'2013-10-05 20:40:00',8192),('402881e64188988b014188a646d70008',18,7094,0,'2013-10-05 20:45:00',8192),('402881e64188988b014188aadab50009',19,7130,0,'2013-10-05 20:50:00',8192),('402881e64188988b014188af6e96000a',11,7166,0,'2013-10-05 20:55:00',8192),('402881e64188988b014188b40276000b',26,7244,0,'2013-10-05 21:00:00',8192),('402881e64188988b014188b89656000c',21,7326,0,'2013-10-05 21:05:00',8192),('402881e64188988b014188bd2a35000d',20,7284,0,'2013-10-05 21:10:00',8192),('402881e64188988b014188c1be16000e',4,6841,0,'2013-10-05 21:15:00',8192),('402881e64188988b014188c651f7000f',15,6912,0,'2013-10-05 21:20:00',8192),('402881e64188988b014188cae5d60010',17,7010,0,'2013-10-05 21:25:00',8192),('402881e64188988b014188cf79b60011',13,7147,0,'2013-10-05 21:30:00',8192),('402881e64188988b014188d40d950012',15,7123,0,'2013-10-05 21:35:00',8192),('402881e64188988b014188d8a1760013',42,7181,0,'2013-10-05 21:40:00',8192),('402881e64188988b014188dd35560014',16,7323,0,'2013-10-05 21:45:00',8192),('402881e64188988b014188e1c9360015',13,7364,0,'2013-10-05 21:50:00',8192),('402881e64188988b014188e65d170016',15,6991,0,'2013-10-05 21:55:00',8192),('402881e64188988b014188eaf0f50017',22,6972,0,'2013-10-05 22:00:00',8192),('402881e64188988b014188ef84d70018',21,7028,0,'2013-10-05 22:05:00',8192),('402881e64188988b014188f418b50019',21,7047,0,'2013-10-05 22:10:00',8192),('402881e64188988b014188f8ac96001a',26,7074,0,'2013-10-05 22:15:00',8192),('402881e64188988b014188fd4076001b',25,7104,0,'2013-10-05 22:20:00',8192),('402881e64188988b01418901d456001c',27,7110,0,'2013-10-05 22:25:00',8192),('402881e64188988b014189066836001d',23,7121,0,'2013-10-05 22:30:00',8192),('402881e64188988b0141890afc15001e',10,7147,0,'2013-10-05 22:35:00',8192),('402881e64188988b0141890f8ff5001f',22,7136,0,'2013-10-05 22:40:00',8192),('402881e64188988b0141891423d70020',24,7065,0,'2013-10-05 22:45:00',8192),('402881e64188988b01418918b7b50021',25,7062,0,'2013-10-05 22:50:00',8192),('402881e64188988b0141891d4b960022',35,7116,0,'2013-10-05 22:55:00',8192),('402881e64188988b01418921df770023',27,7115,0,'2013-10-05 23:00:00',8192),('402881e64188988b0141892673560024',34,7114,0,'2013-10-05 23:05:00',8192),('402881e64188988b0141892b07360025',33,7115,0,'2013-10-05 23:10:00',8192),('402881e64188988b0141892f9b150026',33,7115,0,'2013-10-05 23:15:00',8192),('402881e64188988b014189342ef60027',33,7121,0,'2013-10-05 23:20:00',8192),('402881e64188988b01418938c2d50028',35,7117,0,'2013-10-05 23:25:00',8192),('402881e64188988b0141893d56b50029',33,7135,0,'2013-10-05 23:30:00',8192),('402881e64188988b01418941ea96002a',11,7135,0,'2013-10-05 23:35:00',8192),('402881e64188988b014189467e76002b',11,7136,0,'2013-10-05 23:40:00',8192),('402881e64188988b0141894b1255002c',10,7124,0,'2013-10-05 23:45:00',8192),('402881e64188988b0141894fa636002d',11,7120,0,'2013-10-05 23:50:00',8192),('402881e64188988b014189543a16002e',13,7118,0,'2013-10-05 23:55:00',8192),('402881e64188988b01418958cdf7002f',15,7103,0,'2013-10-06 00:00:00',8192),('402881e64188988b0141895d62010030',10,7103,0,'2013-10-06 00:05:00',8192),('402881e64188988b01418961f5b60031',18,7094,0,'2013-10-06 00:10:00',8192),('402881e64188988b014189668ada0032',6,7098,0,'2013-10-06 00:15:00',8192),('402881e64188988b0141896b1d760033',6,7099,0,'2013-10-06 00:20:00',8192),('402881e64188988b0141896fb1560034',14,7281,0,'2013-10-06 00:25:00',8192),('402881e64188988b0141897445350035',10,7282,0,'2013-10-06 00:30:00',8192),('402881e64188988b01418978d9160036',10,7278,0,'2013-10-06 00:35:00',8192),('402881e64188988b0141897d6cf60037',15,7284,0,'2013-10-06 00:40:00',8192),('402881e64188988b0141898200d50038',19,7288,0,'2013-10-06 00:45:00',8192),('402881e64188988b0141898694d70039',16,7294,0,'2013-10-06 00:50:00',8192),('402881e64188988b0141898b2896003a',20,7206,0,'2013-10-06 00:55:00',8192),('402881e64188988b0141898fbc95003b',7,6945,0,'2013-10-06 01:00:00',8192),('402881e64188988b01418b37df1e003c',8,5577,0,'2013-10-06 08:43:16',8192),('402881e64188988b01418b3974d6003d',18,5186,0,'2013-10-06 08:45:00',8192),('402881e64188988b01418b3e08b5003e',30,5384,0,'2013-10-06 08:50:00',8192),('402881e64188988b01418b429c95003f',24,5412,0,'2013-10-06 08:55:00',8192),('402881e64188988b01418b4730760040',17,5471,0,'2013-10-06 09:00:00',8192),('402881e64188988b01418b4bc4560041',18,5487,0,'2013-10-06 09:05:00',8192),('402881e64188988b01418b5058360042',19,5645,0,'2013-10-06 09:10:00',8192),('402881e64188988b01418b54ec160043',16,5578,0,'2013-10-06 09:15:00',8192),('402881e64188988b01418b597ff50044',17,5586,0,'2013-10-06 09:20:00',8192),('402881e64188988b01418b5e13d60045',19,5612,0,'2013-10-06 09:25:00',8192),('402881e64188988b01418b62a7b60046',14,5710,0,'2013-10-06 09:30:00',8192),('402881e64188988b01418b673b960047',12,5704,0,'2013-10-06 09:35:00',8192),('402881e64188988b01418b6bcf760048',14,5698,0,'2013-10-06 09:40:00',8192),('402881e64188988b01418b7063560049',16,5656,0,'2013-10-06 09:45:00',8192),('402881e64188988b01418b74f736004a',11,5767,0,'2013-10-06 09:50:00',8192),('402881e64188988b01418b798b15004b',15,5819,0,'2013-10-06 09:55:00',8192),('402881e64188988b01418b7e1ef6004c',27,5862,0,'2013-10-06 10:00:00',8192),('402881e6418b82b301418b82b3200000',29,5964,0,'2013-10-06 10:05:00',8192),('402881e6418b82b301418b8746b60001',25,5897,0,'2013-10-06 10:10:00',8192),('402881e6418b82b301418b8bda950005',15,6136,0,'2013-10-06 10:15:00',8192),('402881e6418b82b301418b906e760006',19,6161,0,'2013-10-06 10:20:00',8192),('402881e6418b82b301418b9502560007',12,6098,0,'2013-10-06 10:25:00',8192),('402881e6418b82b301418b9996350008',16,6141,0,'2013-10-06 10:30:00',8192),('402881e6418b82b301418b9e2a170009',19,6171,0,'2013-10-06 10:35:00',8192),('402881e6418b82b301418ba2bdf5000a',12,6242,0,'2013-10-06 10:40:00',8192),('4028d8ed41a7ded40141a7ded4d50000',12,6625,0,'2013-10-11 22:15:00',8192),('4028d8ed41a7ded40141a7e368760001',11,6658,0,'2013-10-11 22:20:00',8192),('4028d8ed41a7ded40141a7e7fc550002',21,6901,0,'2013-10-11 22:25:00',8192),('4028d8ed41a7ded40141a7f0be350003',40,6768,0,'2013-10-11 22:34:34',8192),('4028d8ed41a7ded40141a80c0a880004',30,6767,0,'2013-10-11 23:04:23',8192),('4028d8ed41a7ded40141a80caad30005',34,6769,0,'2013-10-11 23:05:04',8192),('4028d8ed41a7ded40141ac7e26df0006',24,6947,0,'2013-10-12 19:47:30',8192),('4028d8ed41a7ded40141ac8070370007',18,6779,0,'2013-10-12 19:50:00',8192),('4028d8ed41a7ded40141ac8504160008',22,6844,0,'2013-10-12 19:55:00',8192),('4028d8ed41a7ded40141ac8997f60009',21,6863,0,'2013-10-12 20:00:00',8192),('4028d8ed41a7ded40141ac8e2bd6000a',19,6933,0,'2013-10-12 20:05:00',8192),('4028d8ed41a7ded40141ac92bfb5000b',19,6850,0,'2013-10-12 20:10:00',8192),('4028d8ed41a7ded40141ac975396000c',19,6898,0,'2013-10-12 20:15:00',8192),('4028d8ed41a7ded40141ac9be776000d',12,6961,0,'2013-10-12 20:20:00',8192),('4028d8ed41a7ded40141aca07b56000e',37,7032,0,'2013-10-12 20:25:00',8192),('4028d8ed41a7ded40141aca50f36000f',18,7123,0,'2013-10-12 20:30:00',8192),('4028d8ed41a7ded40141aca9a3160010',19,7122,0,'2013-10-12 20:35:00',8192),('4028d8ed41a7ded40141acae36f60011',19,7126,0,'2013-10-12 20:40:00',8192),('4028d8ed41a7ded40141acb2cad60012',21,7500,0,'2013-10-12 20:45:00',8192),('4028d8ed41a7ded40141acb75eb60013',11,7063,0,'2013-10-12 20:50:00',8192),('4028d8ee41acbbf20141acbbf2cf0000',13,7062,0,'2013-10-12 20:55:00',8192),('4028d8ee41acbbf20141acc086760001',19,7172,0,'2013-10-12 21:00:00',8192),('4028d8ee41acbbf20141acc51a560002',26,7002,0,'2013-10-12 21:05:00',8192),('4028d8ee41acbbf20141acc9ae360003',10,7054,0,'2013-10-12 21:10:00',8192),('4028d8ee41acbbf20141acce42160004',53,7124,0,'2013-10-12 21:15:00',8192),('4028d8ee41acbbf20141acd2d5f60005',18,7267,0,'2013-10-12 21:20:00',8192),('4028d8ee41acbbf20141acd769d60006',17,7352,0,'2013-10-12 21:25:00',8192),('4028d8ee41acbbf20141acdbfdb60007',10,7446,0,'2013-10-12 21:30:00',8192),('4028d8ee41acbbf20141ace091960008',11,7480,0,'2013-10-12 21:35:00',8192),('4028d8ee41acbbf20141ace525740009',14,7691,0,'2013-10-12 21:40:00',8192),('4028d8ee41acbbf20141ace9b957000a',11,7666,0,'2013-10-12 21:45:00',8192),('4028d8ee41acbbf20141acee4d35000b',28,7497,0,'2013-10-12 21:50:00',8192),('4028d8ee41acbbf20141acf2e116000c',60,7485,0,'2013-10-12 21:55:00',8192),('4028d8ee41acbbf20141acf774f5000d',12,7526,0,'2013-10-12 22:00:00',8192),('4028d8ee41acbbf20141acfc08d6000e',12,7561,0,'2013-10-12 22:05:00',8192),('4028d8ee41acbbf20141ad009cb6000f',18,7640,0,'2013-10-12 22:10:00',8192),('4028d8ee41acbbf20141ad0530960010',17,7629,0,'2013-10-12 22:15:00',8192),('4028d8ee41acbbf20141ad09c4760011',18,7677,0,'2013-10-12 22:20:00',8192),('4028d8ee41acbbf20141ad0e58550012',14,7710,0,'2013-10-12 22:25:00',8192),('4028d8ee41acbbf20141ad12ec370013',52,7872,0,'2013-10-12 22:30:00',8192),('4028d8ee41acbbf20141ad1780150014',23,7519,0,'2013-10-12 22:35:00',8192),('4028d8ee41acbbf20141ad1c13f50015',13,7542,0,'2013-10-12 22:40:00',8192),('4028d8ee41acbbf20141ad20a7d50016',13,7601,0,'2013-10-12 22:45:00',8192),('4028d8ee41acbbf20141ad253bb40017',14,7617,0,'2013-10-12 22:50:00',8192),('4028d8ee41acbbf20141ad29cf950018',15,7638,0,'2013-10-12 22:55:00',8192),('4028d8ee41acbbf20141ad2e63760019',15,7652,0,'2013-10-12 23:00:00',8192),('4028d8ee41acbbf20141ad32f756001a',11,7653,0,'2013-10-12 23:05:00',8192),('4028d8ee41acbbf20141ad378b37001b',13,7689,0,'2013-10-12 23:10:00',8192),('4028d8ee41acbbf20141ad3c1f16001c',13,7709,0,'2013-10-12 23:15:00',8192),('4028d8ee41acbbf20141ad40b2f7001d',13,7720,0,'2013-10-12 23:20:00',8192),('4028d8ee41acbbf20141ad4546d6001e',13,7746,0,'2013-10-12 23:25:00',8192),('4028d8ee41acbbf20141ad49dab5001f',9,7757,0,'2013-10-12 23:30:00',8192),('4028d8ee41acbbf20141ad4e6e960020',9,7761,0,'2013-10-12 23:35:00',8192),('4028d8ee41acbbf20141af7e949e0021',16,7840,0,'2013-10-13 09:46:50',8192),('4028d8ee41acbbf20141af817b360022',19,7666,0,'2013-10-13 09:50:00',8192),('4028d8ee41acbbf20141af860f160023',14,7673,0,'2013-10-13 09:55:00',8192),('4028d8ee41acbbf20141af8aa2f60024',14,7671,0,'2013-10-13 10:00:00',8192),('4028d8ee41acbbf20141af8f36d60025',14,7685,0,'2013-10-13 10:05:00',8192),('4028d8ee41acbbf20141af93cab50026',13,7670,0,'2013-10-13 10:10:00',8192),('4028d8ee41acbbf20141af985e960027',14,7668,0,'2013-10-13 10:15:00',8192),('4028d8ee41acbbf20141af9cf2760028',14,7677,0,'2013-10-13 10:20:00',8192),('4028d8ee41acbbf20141afa186560029',14,7687,0,'2013-10-13 10:25:00',8192),('4028d8ee41acbbf20141afa61a37002a',14,7712,0,'2013-10-13 10:30:00',8192),('4028d8ee41acbbf20141afaaae16002b',14,7730,0,'2013-10-13 10:35:00',8192),('4028d8ee41acbbf20141afaf41f5002c',14,7746,0,'2013-10-13 10:40:00',8192),('4028d8ee41acbbf20141afb3d5d7002d',16,7771,0,'2013-10-13 10:45:00',8192),('4028d8ee41acbbf20141afb869b5002e',16,7815,0,'2013-10-13 10:50:00',8192),('4028d8ee41acbbf20141afbcfd95002f',20,7537,0,'2013-10-13 10:55:00',8192),('4028d8ee41acbbf20141afc191750030',14,7641,0,'2013-10-13 11:00:00',8192),('4028d8ee41acbbf20141afc625560031',19,7533,0,'2013-10-13 11:05:00',8192),('4028d8ee41acbbf20141afcab9370032',14,7599,0,'2013-10-13 11:10:00',8192),('4028d8ee41acbbf20141afcf4d160033',22,7669,0,'2013-10-13 11:15:00',8192),('4028d8ee41acbbf20141afd3e0f50034',13,7713,0,'2013-10-13 11:20:00',8192),('4028d8ee41acbbf20141afd874d50035',22,7705,0,'2013-10-13 11:25:00',8192),('4028d8ee41acbbf20141afdd08b50036',17,7821,0,'2013-10-13 11:30:00',8192),('4028d8ee41acbbf20141afe19c950037',18,7568,0,'2013-10-13 11:35:00',8192),('4028d8ee41acbbf20141afe630760038',19,7616,0,'2013-10-13 11:40:00',8192),('4028d8ee41acbbf20141afeac4560039',20,7632,0,'2013-10-13 11:45:00',8192),('4028d8ee41acbbf20141afef5836003a',33,7664,0,'2013-10-13 11:50:00',8192),('4028d8ee41acbbf20141aff3ec15003b',14,7721,0,'2013-10-13 11:55:00',8192),('4028d8ee41acbbf20141aff87ff4003c',22,7706,0,'2013-10-13 12:00:00',8192),('4028d8ee41acbbf20141affd13d5003d',21,7743,0,'2013-10-13 12:05:00',8192),('4028d8ee41acbbf20141b001a7b5003e',34,7776,0,'2013-10-13 12:10:00',8192),('4028d8ee41acbbf20141b0063b95003f',21,7829,0,'2013-10-13 12:15:00',8192),('4028d8ee41acbbf20141b00acf760040',19,7480,0,'2013-10-13 12:20:00',8192),('4028d8ee41acbbf20141b00f63560041',16,7793,0,'2013-10-13 12:25:00',8192),('4028d8ee41acbbf20141b013f7360042',11,7474,0,'2013-10-13 12:30:00',8192),('4028d8ee41acbbf20141b0188b160043',21,7454,0,'2013-10-13 12:35:00',8192),('4028d8ee41acbbf20141b01d1ef60044',26,7502,0,'2013-10-13 12:40:00',8192),('4028d8ee41acbbf20141b021b2d70045',25,7531,0,'2013-10-13 12:45:00',8192),('4028d8ee41acbbf20141b02646b60046',22,7561,0,'2013-10-13 12:50:00',8192),('4028d8ee41acbbf20141b02ada950047',20,7500,0,'2013-10-13 12:55:00',8192),('4028d8ee41acbbf20141b02f6e760048',35,7703,0,'2013-10-13 13:00:00',8192),('4028d8ee41acbbf20141b03402570049',28,7683,0,'2013-10-13 13:05:00',8192),('4028d8ee41acbbf20141b0389635004a',40,7686,0,'2013-10-13 13:10:00',8192),('4028d8ee41acbbf20141b03d2a16004b',29,7685,0,'2013-10-13 13:15:00',8192),('4028d8ee41acbbf20141b041bdf7004c',33,7671,0,'2013-10-13 13:20:00',8192),('4028d8ee41acbbf20141b04651d6004d',37,7687,0,'2013-10-13 13:25:00',8192),('4028d8ee41acbbf20141b04ae5ee004e',30,6394,0,'2013-10-13 13:30:00',8192),('4028d8ee41acbbf20141b04f7996004f',30,6395,0,'2013-10-13 13:35:00',8192),('4028d8ee41acbbf20141b0540d760050',27,6386,0,'2013-10-13 13:40:00',8192),('4028d8ee41acbbf20141b058a1580051',32,6373,0,'2013-10-13 13:45:00',8192),('4028d8ee41acbbf20141b05d35350052',32,6372,0,'2013-10-13 13:50:00',8192),('4028d8ee41acbbf20141b061c9160053',32,6442,0,'2013-10-13 13:55:00',8192),('4028d8ee41acbbf20141b0665cf60054',4,6100,0,'2013-10-13 14:00:00',8192),('4028d8ee41acbbf20141b06af0d60055',3,6095,0,'2013-10-13 14:05:00',8192),('4028d8ee41acbbf20141b06f84b60056',3,6095,0,'2013-10-13 14:10:00',8192),('4028d8ee41acbbf20141b07418950057',4,6095,0,'2013-10-13 14:15:00',8192),('4028d8ee41acbbf20141b078ac760058',3,6095,0,'2013-10-13 14:20:00',8192),('4028d8ee41acbbf20141b07d40560059',3,6096,0,'2013-10-13 14:25:00',8192),('4028d8ee41acbbf20141b081d436005a',3,6096,0,'2013-10-13 14:30:00',8192),('4028d8ee41acbbf20141b0866816005b',4,6100,0,'2013-10-13 14:35:00',8192),('4028d8ee41acbbf20141b08afbf7005c',4,6096,0,'2013-10-13 14:40:00',8192),('4028d8ee41acbbf20141b08f8fd6005d',3,6095,0,'2013-10-13 14:45:00',8192),('4028d8ee41acbbf20141b09423b5005e',4,6096,0,'2013-10-13 14:50:00',8192),('4028d8ee41acbbf20141b098b795005f',4,6095,0,'2013-10-13 14:55:00',8192),('4028d8ee41acbbf20141b09d4b750060',4,6103,0,'2013-10-13 15:00:00',8192),('4028d8ee41acbbf20141b0a1df550061',3,6101,0,'2013-10-13 15:05:00',8192),('4028d8ee41acbbf20141b0a673360062',4,6101,0,'2013-10-13 15:10:00',8192),('4028d8ee41acbbf20141b0ab07170063',4,6099,0,'2013-10-13 15:15:00',8192),('4028d8ee41acbbf20141b0af9af70064',3,6099,0,'2013-10-13 15:20:00',8192),('4028d8ee41acbbf20141b0b42ed70065',3,6098,0,'2013-10-13 15:25:00',8192),('4028d8ee41acbbf20141b0b8c2b50066',3,6112,0,'2013-10-13 15:30:00',8192),('4028d8ee41acbbf20141b0bd56960067',3,6107,0,'2013-10-13 15:35:00',8192),('4028d8ee41acbbf20141b0c1ea760068',4,6102,0,'2013-10-13 15:40:00',8192),('4028d8ee41acbbf20141b0c67e560069',4,6101,0,'2013-10-13 15:45:00',8192),('4028d8ee41acbbf20141b0cb1236006a',3,6101,0,'2013-10-13 15:50:00',8192),('4028d8ee41acbbf20141b0cfa616006b',3,6101,0,'2013-10-13 15:55:00',8192),('4028d8ee41acbbf20141b0d439f5006c',3,6102,0,'2013-10-13 16:00:00',8192),('4028d8ee41acbbf20141b0d8cdd6006d',3,6102,0,'2013-10-13 16:05:00',8192),('4028d8ee41acbbf20141b0dd61b6006e',3,6102,0,'2013-10-13 16:10:00',8192),('4028d8ee41acbbf20141b0e1f596006f',3,6101,0,'2013-10-13 16:15:00',8192),('4028d8ee41acbbf20141b0e689750070',3,6102,0,'2013-10-13 16:20:00',8192),('4028d8ee41acbbf20141b0eb1d550071',4,6106,0,'2013-10-13 16:25:00',8192),('4028d8ee41acbbf20141b0efb1360072',3,6127,0,'2013-10-13 16:30:00',8192),('4028d8ee41acbbf20141b0f445160073',3,6092,0,'2013-10-13 16:35:00',8192),('4028d8ee41acbbf20141b0f8d8f60074',5,6083,0,'2013-10-13 16:40:00',8192),('4028d8ee41acbbf20141b0fd6cd50075',6,6247,0,'2013-10-13 16:45:00',8192),('4028d8ee41acbbf20141b10200b60076',52,6148,0,'2013-10-13 16:50:00',8192),('4028d8ee41acbbf20141b10694950077',3,6253,0,'2013-10-13 16:55:00',8192),('4028d8ee41acbbf20141b10b28760078',2,6255,0,'2013-10-13 17:00:00',8192),('4028d8ee41acbbf20141b10fbc560079',3,6267,0,'2013-10-13 17:05:00',8192),('4028d8ee41acbbf20141b1145035007a',3,6267,0,'2013-10-13 17:10:00',8192),('4028d8ee41acbbf20141b13f90ad007b',15,6287,0,'2013-10-13 17:57:15',8192),('4028d8ee41acbbf20141b14216ff007c',5,6425,0,'2013-10-13 18:00:00',8192),('4028d8ee41acbbf20141b146aad7007d',7,6507,0,'2013-10-13 18:05:00',8192),('4028d8ee41acbbf20141b14b3eb7007e',4,6513,0,'2013-10-13 18:10:00',8192),('4028d8ee41acbbf20141b14fd297007f',3,6510,0,'2013-10-13 18:15:00',8192),('4028d8ee41acbbf20141b15466760080',34,6481,0,'2013-10-13 18:20:00',8192),('4028d8ee41acbbf20141b158fa630081',20,6706,0,'2013-10-13 18:25:00',8192),('4028d8ee41acbbf20141b15d8e350082',25,6632,0,'2013-10-13 18:30:00',8192),('4028d8ee41acbbf20141b16222170083',31,6569,0,'2013-10-13 18:35:00',8192),('4028d8ee41acbbf20141b166b5f60084',19,6551,0,'2013-10-13 18:40:00',8192),('4028d8ee41acbbf20141b16b49d50085',20,6604,0,'2013-10-13 18:45:00',8192),('4028d8ee41acbbf20141b16fddb60086',19,6653,0,'2013-10-13 18:50:00',8192),('4028d8ee41acbbf20141b17471960087',30,6699,0,'2013-10-13 18:55:00',8192),('4028d8ee41acbbf20141b17905760088',19,6727,0,'2013-10-13 19:00:00',8192),('4028d8ee41acbbf20141b17d99550089',18,6766,0,'2013-10-13 19:05:00',8192),('4028d8ee41acbbf20141b1822d36008a',18,6841,0,'2013-10-13 19:10:00',8192),('4028d8ee41acbbf20141b186c116008b',18,6540,0,'2013-10-13 19:15:00',8192),('4028d8ee41acbbf20141b18b54f8008c',71,6790,0,'2013-10-13 19:20:00',8192),('4028d8ee41acbbf20141b18fe8d7008d',32,6753,0,'2013-10-13 19:25:00',8192),('4028d8ee41acbbf20141b1947cb7008e',21,6798,0,'2013-10-13 19:30:00',8192),('4028d8ee41acbbf20141b1991096008f',20,6803,0,'2013-10-13 19:35:00',8192),('4028d8ee41acbbf20141b19da4760090',23,6788,0,'2013-10-13 19:40:00',8192),('4028d8ee41acbbf20141b1a238560091',22,6790,0,'2013-10-13 19:45:00',8192),('4028d8ee41acbbf20141b1a6cc350092',18,6797,0,'2013-10-13 19:50:00',8192),('4028d8ee41acbbf20141b1ab60170093',18,6804,0,'2013-10-13 19:55:00',8192),('4028d8ee41acbbf20141b1aff3f60094',17,6810,0,'2013-10-13 20:00:00',8192),('4028d8ee41acbbf20141b1b487d70095',19,6802,0,'2013-10-13 20:05:00',8192),('4028d8ee41acbbf20141b1b91bb70096',21,6946,0,'2013-10-13 20:10:00',8192),('4028d8ee41acbbf20141b1bdaf950097',20,7062,0,'2013-10-13 20:15:00',8192),('4028d8ee41acbbf20141b1c243760098',24,7062,0,'2013-10-13 20:20:00',8192),('4028d8ee41acbbf20141b1c6d7560099',25,7069,0,'2013-10-13 20:25:00',8192),('4028d8ee41acbbf20141b1cb6b36009a',25,6849,0,'2013-10-13 20:30:00',8192),('4028d8ee41acbbf20141b1cfff16009b',18,6759,0,'2013-10-13 20:35:00',8192),('4028d8ee41acbbf20141b1d492f6009c',29,6759,0,'2013-10-13 20:40:00',8192),('4028d8ee41acbbf20141b1d926d6009d',21,6753,0,'2013-10-13 20:45:00',8192),('4028d8ee41acbbf20141b1ddbab6009e',24,6920,0,'2013-10-13 20:50:00',8192),('4028d8ee41acbbf20141b1e24e95009f',22,6897,0,'2013-10-13 20:55:00',8192),('4028d8ee41acbbf20141b1e6e27700a0',19,6917,0,'2013-10-13 21:00:00',8192),('4028d8ee41acbbf20141b1eb765600a1',22,6935,0,'2013-10-13 21:05:00',8192),('4028d8ee41acbbf20141b1f00a3500a2',22,7050,0,'2013-10-13 21:10:00',8192),('4028d8ee41acbbf20141b1f49e1500a3',21,7033,0,'2013-10-13 21:15:00',8192),('4028d8ee41acbbf20141b1f931f600a4',20,7037,0,'2013-10-13 21:20:00',8192),('4028d8ee41acbbf20141b1fdc5d600a5',18,7123,0,'2013-10-13 21:25:00',8192),('4028d8ee41acbbf20141b20259b600a6',5,6933,0,'2013-10-13 21:30:00',8192),('4028d8ee41acbbf20141b206ed9600a7',5,6943,0,'2013-10-13 21:35:00',8192),('4028d8ee41acbbf20141b20b817600a8',5,7133,0,'2013-10-13 21:40:00',8192),('4028d8ee41acbbf20141b210155700a9',6,6992,0,'2013-10-13 21:45:00',8192),('4028d8ee41acbbf20141b214a93600aa',13,7019,0,'2013-10-13 21:50:00',8192),('4028d8ee41acbbf20141b2193d1500ab',10,7019,0,'2013-10-13 21:55:00',8192),('4028d8ee41acbbf20141b21dd0f700ac',9,7021,0,'2013-10-13 22:00:00',8192),('4028d8ee41acbbf20141b22264d600ad',9,7030,0,'2013-10-13 22:05:00',8192);
/*!40000 ALTER TABLE `sms_warn` ENABLE KEYS */;
UNLOCK TABLES;

--
-- Table structure for table `syslog`
--

DROP TABLE IF EXISTS `syslog`;
/*!40101 SET @saved_cs_client     = @@character_set_client */;
/*!40101 SET character_set_client = utf8 */;
CREATE TABLE `syslog` (
  `id` char(32) NOT NULL,
  `contents` longtext,
  `opTime` datetime DEFAULT NULL,
  `optor` char(32) DEFAULT NULL,
  `ipAdd` varchar(50) DEFAULT NULL,
  `type` varchar(10) DEFAULT NULL,
  PRIMARY KEY (`id`),
  KEY `FK9481417778B4543E` (`optor`)
) ENGINE=InnoDB DEFAULT CHARSET=utf8;
/*!40101 SET character_set_client = @saved_cs_client */;

--
-- Dumping data for table `syslog`
--

LOCK TABLES `syslog` WRITE;
/*!40000 ALTER TABLE `syslog` DISABLE KEYS */;
/*!40000 ALTER TABLE `syslog` ENABLE KEYS */;
UNLOCK TABLES;

--
-- Table structure for table `sysmessage`
--

DROP TABLE IF EXISTS `sysmessage`;
/*!40101 SET @saved_cs_client     = @@character_set_client */;
/*!40101 SET character_set_client = utf8 */;
CREATE TABLE `sysmessage` (
  `id` char(32) NOT NULL,
  `contents` longtext,
  `type` varchar(50) DEFAULT NULL,
  `sendTime` datetime DEFAULT NULL,
  `creator` char(32) DEFAULT NULL,
  `createTime` datetime DEFAULT NULL,
  `editor` char(32) DEFAULT NULL,
  `editTime` datetime DEFAULT NULL,
  PRIMARY KEY (`id`),
  KEY `FK8E72E49A246F99D5` (`editor`)
) ENGINE=InnoDB DEFAULT CHARSET=utf8;
/*!40101 SET character_set_client = @saved_cs_client */;

--
-- Dumping data for table `sysmessage`
--

LOCK TABLES `sysmessage` WRITE;
/*!40000 ALTER TABLE `sysmessage` DISABLE KEYS */;
/*!40000 ALTER TABLE `sysmessage` ENABLE KEYS */;
UNLOCK TABLES;

--
-- Table structure for table `sysmesuser`
--

DROP TABLE IF EXISTS `sysmesuser`;
/*!40101 SET @saved_cs_client     = @@character_set_client */;
/*!40101 SET character_set_client = utf8 */;
CREATE TABLE `sysmesuser` (
  `id` char(32) NOT NULL,
  `userId` char(32) DEFAULT NULL,
  `sysMesId` char(32) DEFAULT NULL,
  `readFlag` varchar(1) DEFAULT NULL,
  PRIMARY KEY (`id`),
  KEY `FK8E6584D9408EAA8E` (`userId`),
  KEY `FK8E6584D989DBBA3` (`sysMesId`)
) ENGINE=InnoDB DEFAULT CHARSET=utf8;
/*!40101 SET character_set_client = @saved_cs_client */;

--
-- Dumping data for table `sysmesuser`
--

LOCK TABLES `sysmesuser` WRITE;
/*!40000 ALTER TABLE `sysmesuser` DISABLE KEYS */;
/*!40000 ALTER TABLE `sysmesuser` ENABLE KEYS */;
UNLOCK TABLES;

--
-- Table structure for table `users`
--

DROP TABLE IF EXISTS `users`;
/*!40101 SET @saved_cs_client     = @@character_set_client */;
/*!40101 SET character_set_client = utf8 */;
CREATE TABLE `users` (
  `id` char(32) NOT NULL,
  `accountName` varchar(50) DEFAULT NULL,
  `realName` varchar(50) DEFAULT NULL,
  `password` varchar(20) DEFAULT NULL,
  `sex` char(1) DEFAULT NULL,
  `birthday` date DEFAULT NULL,
  `edu` char(32) DEFAULT NULL,
  `state` varchar(1) DEFAULT NULL,
  `departmentId` char(32) DEFAULT NULL,
  `creator` char(32) DEFAULT NULL,
  `createTime` datetime DEFAULT NULL,
  `editor` char(32) DEFAULT NULL,
  `editTime` datetime DEFAULT NULL,
  `bigImage` varchar(200) DEFAULT NULL,
  `normalImage` varchar(200) DEFAULT NULL,
  `smallImage` varchar(200) DEFAULT NULL,
  `area` char(32) DEFAULT NULL,
  `cellNo` varchar(20) DEFAULT NULL,
  `enterprise` varchar(32) DEFAULT NULL,
  `role` char(32) DEFAULT NULL,
  `remark` varchar(100) DEFAULT NULL,
  PRIMARY KEY (`id`),
  KEY `FK4E39DE8762F98DF` (`departmentId`)
) ENGINE=InnoDB DEFAULT CHARSET=utf8;
/*!40101 SET character_set_client = @saved_cs_client */;

--
-- Dumping data for table `users`
--

LOCK TABLES `users` WRITE;
/*!40000 ALTER TABLE `users` DISABLE KEYS */;
INSERT INTO `users` VALUES ('402881e5423c865901423c8659030000','111111','111111','',NULL,NULL,NULL,'T','','ff8080813c55b78c013c55eb4bb50072','2013-11-09 19:01:46',NULL,NULL,NULL,NULL,NULL,NULL,NULL,'402881e5423aa6da01423aa6da1e0000',NULL,NULL),('402881e842a797db0142a7a0cf920003','222221',NULL,'',NULL,NULL,NULL,'T','','XXXXXXXXXXXXXXXXXXXXXXXXXXXXXXXX','2013-11-30 14:10:03','XXXXXXXXXXXXXXXXXXXXXXXXXXXXXXXX','2013-11-30 14:34:25',NULL,NULL,NULL,'402881e64232c368014232c3c3910001',NULL,'','ff8080813c55b78c013c55cc91690005','啦啦啦啦1'),('402881e842a7c7f80142a7c7f88e0000','22222',NULL,'',NULL,NULL,NULL,'T','','XXXXXXXXXXXXXXXXXXXXXXXXXXXXXXXX','2013-11-30 14:52:49','XXXXXXXXXXXXXXXXXXXXXXXXXXXXXXXX','2013-11-30 14:54:51',NULL,NULL,NULL,'402881e64232c368014232c3689a0000',NULL,'','ff8080813c55b78c013c55cc91690005','2222222'),('402881e842a7c7f80142a7dce66b0004','333333',NULL,'',NULL,NULL,NULL,'T','','402881e842a7c7f80142a7c7f88e0000','2013-11-30 15:15:41','402881e842a7c7f80142a7c7f88e0000','2013-11-30 15:32:03',NULL,NULL,NULL,'402881e64232c368014232c3c3910001',NULL,'','ff8080813c55b78c013c55df0e67003f','333332'),('402881e842a7c7f80142a7de620b0006','55555',NULL,'',NULL,NULL,NULL,'T',NULL,'402881e842a7c7f80142a7c7f88e0000','2013-11-30 15:17:18',NULL,NULL,NULL,NULL,NULL,'402881e64232c368014232c3c3910001',NULL,NULL,'ff8080813c55b78c013c55df0e67003f',''),('402881e842a7e47a0142a7e47ab70000','44444',NULL,'',NULL,NULL,NULL,'T','','402881e842a7c7f80142a7c7f88e0000','2013-11-30 15:23:58','XXXXXXXXXXXXXXXXXXXXXXXXXXXXXXXX','2013-11-30 15:42:39',NULL,NULL,NULL,'402881e64232ca73014232caa6a70001',NULL,'','ff8080813c55b78c013c55df0e67003f','111111'),('402881e842a7e47a0142a7ee95cb0005','66666',NULL,'',NULL,NULL,NULL,'T',NULL,'402881e842a7c7f80142a7de620b0006','2013-11-30 15:35:00',NULL,NULL,NULL,NULL,NULL,'402881e64232ca73014232ca73230000',NULL,NULL,'ff8080813c55b78c013c55df64c50040',''),('ff8080813c55b78c013c55da5ed4003a','shandong','山东省','','0',NULL,NULL,'T','ff8080813c55b78c013c55cbaffe0004','XXXXXXXXXXXXXXXXXXXXXXXXXXXXXXXX','2013-01-20 10:47:20',NULL,NULL,NULL,NULL,NULL,NULL,'',NULL,NULL,NULL),('ff8080813c55b78c013c55eb4bb50072','kaixiaohu','开销户管理员','','0',NULL,NULL,'T','ff8080813c55b78c013c55ea817b0070','ff8080813c55b78c013c55ddb9fa003e','2013-01-20 11:05:49',NULL,NULL,NULL,NULL,NULL,NULL,'',NULL,NULL,NULL),('ff8080813c56c46e013c56c615550001','guomei','国美管理员','',NULL,NULL,NULL,'T','','ff8080813c55b78c013c55eb4bb50072','2013-01-20 15:04:47','XXXXXXXXXXXXXXXXXXXXXXXXXXXXXXXX','2013-11-30 15:42:28',NULL,NULL,NULL,'402881e64232c368014232c3c3910001',NULL,'402881e5423aa6da01423aa6da1e0000','ff8080813c55b78c013c55e0649d0042',''),('ff8080813c56e38d013c56e464f80003','shenhe','审核专员','','0',NULL,NULL,'T','4028813518f35feb0118f392eee50043','XXXXXXXXXXXXXXXXXXXXXXXXXXXXXXXX','2013-01-20 15:37:54',NULL,NULL,NULL,NULL,NULL,'402881e64232c368014232c3c3910001','',NULL,'ff8080813c56e38d013c56e38d290000',NULL),('XXXXXXXXXXXXXXXXXXXXXXXXXXXXXXXX','admin','管理员','','1','1984-11-23',NULL,'T','4028813518f35feb0118f392eee50043','XXXXXXXXXXXXXXXXXXXXXXXXXXXXXXXX','2009-06-05 09:57:58','XXXXXXXXXXXXXXXXXXXXXXXXXXXXXXXX','2012-07-06 16:18:52','','','','402881e64232c368014232c3c3910001','18668909503',NULL,'402881c92ca0977f012ca09978a30001',NULL);
/*!40000 ALTER TABLE `users` ENABLE KEYS */;
UNLOCK TABLES;

--
-- Table structure for table `vmeta_field`
--

DROP TABLE IF EXISTS `vmeta_field`;
/*!40101 SET @saved_cs_client     = @@character_set_client */;
/*!40101 SET character_set_client = utf8 */;
CREATE TABLE `vmeta_field` (
  `id` char(32) NOT NULL,
  `name` varchar(20) DEFAULT NULL,
  `type` varchar(50) DEFAULT NULL,
  `maxSize` int(11) DEFAULT NULL,
  `canNull` char(1) DEFAULT NULL,
  `webId` varchar(50) DEFAULT NULL,
  `remark` mediumtext,
  `moduleId` char(32) DEFAULT NULL,
  `createTime` datetime DEFAULT NULL,
  `createIP` varchar(15) DEFAULT NULL,
  `editTime` datetime DEFAULT NULL,
  `editIP` varchar(15) DEFAULT NULL,
  `tableName` varchar(20) DEFAULT NULL,
  `columnName` varchar(20) DEFAULT NULL,
  `template` char(1) DEFAULT NULL,
  `validation` char(1) DEFAULT NULL,
  PRIMARY KEY (`id`),
  KEY `FKE8DF27369DDC20AE` (`moduleId`)
) ENGINE=InnoDB DEFAULT CHARSET=utf8;
/*!40101 SET character_set_client = @saved_cs_client */;

--
-- Dumping data for table `vmeta_field`
--

LOCK TABLES `vmeta_field` WRITE;
/*!40000 ALTER TABLE `vmeta_field` DISABLE KEYS */;
/*!40000 ALTER TABLE `vmeta_field` ENABLE KEYS */;
UNLOCK TABLES;

--
-- Table structure for table `vmeta_module`
--

DROP TABLE IF EXISTS `vmeta_module`;
/*!40101 SET @saved_cs_client     = @@character_set_client */;
/*!40101 SET character_set_client = utf8 */;
CREATE TABLE `vmeta_module` (
  `id` char(32) NOT NULL,
  `name` varchar(50) DEFAULT NULL,
  `superId` char(32) DEFAULT NULL,
  `createTime` datetime DEFAULT NULL,
  `createIP` varchar(15) DEFAULT NULL,
  `editTime` datetime DEFAULT NULL,
  `editIP` varchar(15) DEFAULT NULL,
  `hasDepartment` char(1) DEFAULT NULL,
  `hasUsers` char(1) DEFAULT NULL,
  `hasField` char(1) DEFAULT NULL,
  PRIMARY KEY (`id`)
) ENGINE=InnoDB DEFAULT CHARSET=utf8;
/*!40101 SET character_set_client = @saved_cs_client */;

--
-- Dumping data for table `vmeta_module`
--

LOCK TABLES `vmeta_module` WRITE;
/*!40000 ALTER TABLE `vmeta_module` DISABLE KEYS */;
INSERT INTO `vmeta_module` VALUES ('402881c921f0eed60121f0f0ecb90001','系统管理','00000000000000000000000000000000','2009-06-18 09:17:49','127.0.0.1','2009-12-25 16:37:26','127.0.0.1','F','F','F'),('402881c921f0eed60121f0f13b560002','字典管理','402881c921f0eed60121f0f0ecb90001','2009-06-18 09:18:09','127.0.0.1','2011-06-03 10:02:53','192.168.1.80','T','T','F'),('402881c921f0fb2e0121f10954190001','部门管理','402881c921f0eed60121f0f0ecb90001','2009-06-18 09:44:28','127.0.0.1','2011-06-08 16:46:23','127.0.0.1','T','T','F'),('402881c921f0fb2e0121f10c56aa0006','员工管理','402881c921f0eed60121f0f0ecb90001','2009-06-18 09:47:46','127.0.0.1','2011-06-20 09:39:51','127.0.0.1','T','T','F'),('402881c921f1e38e0121f1eb06b90005','角色管理','402881c921f0eed60121f0f0ecb90001','2009-06-18 13:51:00','127.0.0.1','2011-06-07 14:54:28','192.168.1.80','T','T','F'),('402881e6418192750141829071230007','系统管理菜单','402881c921f0eed60121f0f0ecb90001','2013-10-04 16:23:26','',NULL,NULL,NULL,NULL,NULL),('402881e64181927501418290b1700008','企业名片菜单','402881c921f0eed60121f0f0ecb90001','2013-10-04 16:23:42','',NULL,NULL,NULL,NULL,NULL),('402881e6418192750141829192aa0009','集团管理菜单','402881c921f0eed60121f0f0ecb90001','2013-10-04 16:24:40','',NULL,NULL,NULL,NULL,NULL),('402881e64187b0f6014187b1ffe00001','系统报警','402881c921f0eed60121f0f0ecb90001','2013-10-05 16:18:11','',NULL,NULL,NULL,NULL,NULL),('402881e6418b86e901418b8893630001','统计报表','ff8080813c558a16013c55a303450003','2013-10-06 10:11:25','',NULL,NULL,NULL,NULL,NULL),('402881e642ade26c0142ade377ba0001','企业管理','ff8080813c558a16013c55a303450003','2013-12-01 19:20:35','',NULL,NULL,NULL,NULL,NULL),('402881e642ade26c0142ade399da0002','区域管理','402881c921f0eed60121f0f0ecb90001','2013-12-01 19:20:43','',NULL,NULL,NULL,NULL,NULL),('ff8080813c558a16013c55a2c4300002','企业名片','00000000000000000000000000000000','2013-01-20 09:46:35','0:0:0:0:0:0:0:1',NULL,NULL,NULL,NULL,NULL),('ff8080813c558a16013c55a303450003','集团管理','00000000000000000000000000000000','2013-01-20 09:46:52','0:0:0:0:0:0:0:1',NULL,NULL,NULL,NULL,NULL),('ff8080813c558a16013c55a352fd0004','内容管理','ff8080813c558a16013c55a2c4300002','2013-01-20 09:47:12','0:0:0:0:0:0:0:1',NULL,NULL,NULL,NULL,NULL),('ff8080813c558a16013c55a382150005','策略管理','ff8080813c558a16013c55a2c4300002','2013-01-20 09:47:24','0:0:0:0:0:0:0:1',NULL,NULL,NULL,NULL,NULL),('ff8080813c558a16013c55a3df6c0006','组群管理','ff8080813c558a16013c55a2c4300002','2013-01-20 09:47:48','0:0:0:0:0:0:0:1',NULL,NULL,NULL,NULL,NULL),('ff8080813c558a16013c55a4014f0007','号码管理','ff8080813c558a16013c55a2c4300002','2013-01-20 09:47:57','0:0:0:0:0:0:0:1',NULL,NULL,NULL,NULL,NULL),('ff8080813c558a16013c55a4426a0008','号码管理','ff8080813c558a16013c55a303450003','2013-01-20 09:48:13','0:0:0:0:0:0:0:1',NULL,NULL,NULL,NULL,NULL),('ff8080813c56e0ea013c56e18a680001','内容审核','ff8080813c558a16013c55a2c4300002','2013-01-20 15:34:47','0:0:0:0:0:0:0:1',NULL,NULL,NULL,NULL,NULL);
/*!40000 ALTER TABLE `vmeta_module` ENABLE KEYS */;
UNLOCK TABLES;

--
-- Table structure for table `vmeta_operate`
--

DROP TABLE IF EXISTS `vmeta_operate`;
/*!40101 SET @saved_cs_client     = @@character_set_client */;
/*!40101 SET character_set_client = utf8 */;
CREATE TABLE `vmeta_operate` (
  `id` char(32) NOT NULL,
  `name` varchar(20) DEFAULT NULL,
  `webId` varchar(50) DEFAULT NULL,
  `scopeDataVisible` char(1) DEFAULT NULL,
  `remark` mediumtext,
  `moduleId` char(32) DEFAULT NULL,
  `createTime` datetime DEFAULT NULL,
  `createIP` varchar(15) DEFAULT NULL,
  `editTime` datetime DEFAULT NULL,
  `editIP` varchar(15) DEFAULT NULL,
  PRIMARY KEY (`id`),
  KEY `FK15BEF0C09DDC20AE` (`moduleId`)
) ENGINE=InnoDB DEFAULT CHARSET=utf8;
/*!40101 SET character_set_client = @saved_cs_client */;

--
-- Dumping data for table `vmeta_operate`
--

LOCK TABLES `vmeta_operate` WRITE;
/*!40000 ALTER TABLE `vmeta_operate` DISABLE KEYS */;
INSERT INTO `vmeta_operate` VALUES ('402881c921f0eed60121f0f1c2f40003','新建','dictionary_new','F','新建字典项','402881c921f0eed60121f0f13b560002','2009-06-18 09:18:44','127.0.0.1','2011-06-16 16:17:55','192.168.1.80'),('402881c921f0eed60121f0f214500004','修改','dictionary_edit','T','修改字典信息','402881c921f0eed60121f0f13b560002','2009-06-18 09:19:05','127.0.0.1',NULL,NULL),('402881c921f0eed60121f0f26d000005','排序','dictionary_sort','F','对字典下的所有项进行排序','402881c921f0eed60121f0f13b560002','2009-06-18 09:19:28','127.0.0.1','2009-06-29 14:25:18','127.0.0.1'),('402881c921f0eed60121f0f2b9a90006','删除','dictionary_delete','T','删除字典项','402881c921f0eed60121f0f13b560002','2009-06-18 09:19:47','127.0.0.1',NULL,NULL),('402881c921f0eed60121f0f48afe0007','查看','dictionary_view','F','查看字典管理数据','402881c921f0eed60121f0f13b560002','2009-06-18 09:21:46','127.0.0.1','2009-06-29 14:25:24','127.0.0.1'),('402881c921f0fb2e0121f10a18a10002','查看','department_view','F','查看部门信息','402881c921f0fb2e0121f10954190001','2009-06-18 09:45:19','127.0.0.1','2009-06-29 16:43:49','127.0.0.1'),('402881c921f0fb2e0121f10a63c40003','新建','department_new','F','新建部门','402881c921f0fb2e0121f10954190001','2009-06-18 09:45:38','127.0.0.1','2009-06-29 16:43:56','127.0.0.1'),('402881c921f0fb2e0121f10a968c0004','修改','department_edit','T','修改部门信息','402881c921f0fb2e0121f10954190001','2009-06-18 09:45:51','127.0.0.1',NULL,NULL),('402881c921f0fb2e0121f10ac6080005','删除','department_delete','T','删除部门','402881c921f0fb2e0121f10954190001','2009-06-18 09:46:03','127.0.0.1',NULL,NULL),('402881c921f0fb2e0121f10caab60007','新建','users_new','F','新建员工','402881c921f0fb2e0121f10c56aa0006','2009-06-18 09:48:07','127.0.0.1','2009-06-29 16:44:13','127.0.0.1'),('402881c921f0fb2e0121f10cdbf70008','修改','users_edit','T','修改员工信息','402881c921f0fb2e0121f10c56aa0006','2009-06-18 09:48:20','127.0.0.1',NULL,NULL),('402881c921f0fb2e0121f10d13150009','删除','users_delete','T','删除员工信息','402881c921f0fb2e0121f10c56aa0006','2009-06-18 09:48:34','127.0.0.1',NULL,NULL),('402881c921f0fb2e0121f10d7113000a','查看','users_view','F','查看员工信息','402881c921f0fb2e0121f10c56aa0006','2009-06-18 09:48:58','127.0.0.1','2009-06-29 16:44:08','127.0.0.1'),('402881c921f0fb2e0121f10e4d89000b','关联角色','users_linkrole','T','员工关联角色','402881c921f0fb2e0121f10c56aa0006','2009-06-18 09:49:54','127.0.0.1',NULL,NULL),('402881c921f1e38e0121f1eb62270006','查看','role_view','F','查看角色信息','402881c921f1e38e0121f1eb06b90005','2009-06-18 13:51:23','127.0.0.1','2011-06-16 16:15:15','192.168.1.80'),('402881c921f1e38e0121f1ebce200007','新建','role_new','F','新建角色信息','402881c921f1e38e0121f1eb06b90005','2009-06-18 13:51:51','127.0.0.1','2011-06-16 16:15:49','192.168.1.80'),('402881c921f1e38e0121f1ec67720008','修改','role_edit','T','修改角色信息','402881c921f1e38e0121f1eb06b90005','2009-06-18 13:52:30','127.0.0.1',NULL,NULL),('402881c921f1e38e0121f1ecf9bf0009','权限设置','role_setup','T','设置角色权限','402881c921f1e38e0121f1eb06b90005','2009-06-18 13:53:08','127.0.0.1',NULL,NULL),('402881c921f1e38e0121f1ed671f000a','关联用户','role_linkusers','T','角色关联用户','402881c921f1e38e0121f1eb06b90005','2009-06-18 13:53:36','127.0.0.1',NULL,NULL),('402881c921f1e38e0121f1ed9081000b','删除','role_delete','T','删除角色信息','402881c921f1e38e0121f1eb06b90005','2009-06-18 13:53:46','127.0.0.1',NULL,NULL),('402881e64181927501418291bed9000a','查看','sys_view','T','','402881e6418192750141829071230007','2013-10-04 16:24:51','',NULL,NULL),('402881e64181927501418291e751000b','查看','card_view','T','','402881e64181927501418290b1700008','2013-10-04 16:25:02','',NULL,NULL),('402881e641819275014182920712000c','查看','company_view','T','','402881e6418192750141829192aa0009','2013-10-04 16:25:10','',NULL,NULL),('402881e64187b0f6014187b25f110002','查看','syswarn_view','T','','402881e64187b0f6014187b1ffe00001','2013-10-05 16:18:35','',NULL,NULL),('402881e64187b0f6014187b2a4f90003','删除','syswarn_delete','T','','402881e64187b0f6014187b1ffe00001','2013-10-05 16:18:53','',NULL,NULL),('402881e6418b86e901418b88f4400002','查看','comstatement_view','T','','402881e6418b86e901418b8893630001','2013-10-06 10:11:50','',NULL,NULL),('402881e642ade26c0142ade41a0a0003','查看','enterprise_view','T','','402881e642ade26c0142ade377ba0001','2013-12-01 19:21:16','',NULL,NULL),('402881e642ade26c0142ade451fc0004','查看','district_view','T','','402881e642ade26c0142ade399da0002','2013-12-01 19:21:30','',NULL,NULL),('402881e642ade26c0142ade6d16a0005','新建','enterprise_new','T','','402881e642ade26c0142ade377ba0001','2013-12-01 19:24:14','',NULL,NULL),('402881e642ade26c0142ade6faab0006','修改','enterprise_edit','T','','402881e642ade26c0142ade377ba0001','2013-12-01 19:24:25','',NULL,NULL),('402881e642ade26c0142ade727470007','导入','enterprise_import','T','','402881e642ade26c0142ade377ba0001','2013-12-01 19:24:36','',NULL,NULL),('402881e642ade26c0142ade74fb00008','删除','enterprise_delete','T','','402881e642ade26c0142ade377ba0001','2013-12-01 19:24:46','',NULL,NULL),('ff8080813c558a16013c55a50a450009','新建','cardcontent_new','T','','ff8080813c558a16013c55a352fd0004','2013-01-20 09:49:04','0:0:0:0:0:0:0:1','2013-01-20 10:11:17','0:0:0:0:0:0:0:1'),('ff8080813c558a16013c55a5c701000a','删除','cardcontent_delete','T','','ff8080813c558a16013c55a352fd0004','2013-01-20 09:49:53','0:0:0:0:0:0:0:1',NULL,NULL),('ff8080813c558a16013c55a7749b000b','新建','cardrule_new','T','','ff8080813c558a16013c55a382150005','2013-01-20 09:51:43','0:0:0:0:0:0:0:1',NULL,NULL),('ff8080813c558a16013c55a7fa73000c','修改','cardrule_edit','T','','ff8080813c558a16013c55a382150005','2013-01-20 09:52:17','0:0:0:0:0:0:0:1',NULL,NULL),('ff8080813c558a16013c55a82e71000d','删除','cardrule_delete','T','','ff8080813c558a16013c55a382150005','2013-01-20 09:52:30','0:0:0:0:0:0:0:1',NULL,NULL),('ff8080813c558a16013c55a87932000e','查看','cardcontent_view','T','','ff8080813c558a16013c55a352fd0004','2013-01-20 09:52:49','0:0:0:0:0:0:0:1',NULL,NULL),('ff8080813c558a16013c55a8b420000f','查看','cardrule_view','T','','ff8080813c558a16013c55a382150005','2013-01-20 09:53:05','0:0:0:0:0:0:0:1',NULL,NULL),('ff8080813c558a16013c55a911490010','新建','cardgroup_new','T','','ff8080813c558a16013c55a3df6c0006','2013-01-20 09:53:28','0:0:0:0:0:0:0:1',NULL,NULL),('ff8080813c558a16013c55a954640011','修改','cardgroup_edit','T','','ff8080813c558a16013c55a3df6c0006','2013-01-20 09:53:46','0:0:0:0:0:0:0:1',NULL,NULL),('ff8080813c558a16013c55a987910012','删除','cardgroup_delete','T','','ff8080813c558a16013c55a3df6c0006','2013-01-20 09:53:59','0:0:0:0:0:0:0:1',NULL,NULL),('ff8080813c558a16013c55a9b6910013','查看','cardgroup_view','T','','ff8080813c558a16013c55a3df6c0006','2013-01-20 09:54:11','0:0:0:0:0:0:0:1',NULL,NULL),('ff8080813c558a16013c55aa250f0014','查看','cardnumber_view','T','','ff8080813c558a16013c55a4014f0007','2013-01-20 09:54:39','0:0:0:0:0:0:0:1',NULL,NULL),('ff8080813c558a16013c55aa6e700015','修改','cardnumber_edit','T','','ff8080813c558a16013c55a4014f0007','2013-01-20 09:54:58','0:0:0:0:0:0:0:1',NULL,NULL),('ff8080813c558a16013c55ab29cb0016','新建','comnumber_new','T','','ff8080813c558a16013c55a4426a0008','2013-01-20 09:55:46','0:0:0:0:0:0:0:1',NULL,NULL),('ff8080813c558a16013c55ab649e0017','修改','comnumber_edit','T','','ff8080813c558a16013c55a4426a0008','2013-01-20 09:56:01','0:0:0:0:0:0:0:1',NULL,NULL),('ff8080813c558a16013c55ab9b4f0018','查看','comnumber_view','T','','ff8080813c558a16013c55a4426a0008','2013-01-20 09:56:15','0:0:0:0:0:0:0:1',NULL,NULL),('ff8080813c558a16013c55abca0d0019','删除','comnumber_delete','T','','ff8080813c558a16013c55a4426a0008','2013-01-20 09:56:27','0:0:0:0:0:0:0:1',NULL,NULL),('ff8080813c558a16013c55c58f59001a','导入','comnumber_import','T','','ff8080813c558a16013c55a4426a0008','2013-01-20 10:24:36','0:0:0:0:0:0:0:1',NULL,NULL),('ff8080813c56e0ea013c56e24cb90002','查看','cardcontentverify_view','T','','ff8080813c56e0ea013c56e18a680001','2013-01-20 15:35:36','0:0:0:0:0:0:0:1',NULL,NULL),('ff8080813c56e0ea013c56e27ad90003','修改','cardcontentverify_edit','T','','ff8080813c56e0ea013c56e18a680001','2013-01-20 15:35:48','0:0:0:0:0:0:0:1',NULL,NULL);
/*!40000 ALTER TABLE `vmeta_operate` ENABLE KEYS */;
UNLOCK TABLES;

--
-- Table structure for table `vmeta_role_module_departments`
--

DROP TABLE IF EXISTS `vmeta_role_module_departments`;
/*!40101 SET @saved_cs_client     = @@character_set_client */;
/*!40101 SET character_set_client = utf8 */;
CREATE TABLE `vmeta_role_module_departments` (
  `id` char(32) NOT NULL,
  `roleId` char(32) DEFAULT NULL,
  `moduleId` char(32) DEFAULT NULL,
  `departments` mediumtext,
  PRIMARY KEY (`id`),
  KEY `FK3D476FB316D91227` (`roleId`),
  KEY `FK3D476FB39DDC20AE` (`moduleId`)
) ENGINE=InnoDB DEFAULT CHARSET=utf8;
/*!40101 SET character_set_client = @saved_cs_client */;

--
-- Dumping data for table `vmeta_role_module_departments`
--

LOCK TABLES `vmeta_role_module_departments` WRITE;
/*!40000 ALTER TABLE `vmeta_role_module_departments` DISABLE KEYS */;
INSERT INTO `vmeta_role_module_departments` VALUES ('ff8080813bd503cf013bd503cf950000','402881c92ca0977f012ca09978a30001','402881c921f0fb2e0121f10954190001','4028814929a0807d0129a09a64b40006,');
/*!40000 ALTER TABLE `vmeta_role_module_departments` ENABLE KEYS */;
UNLOCK TABLES;

--
-- Table structure for table `vmeta_role_module_field`
--

DROP TABLE IF EXISTS `vmeta_role_module_field`;
/*!40101 SET @saved_cs_client     = @@character_set_client */;
/*!40101 SET character_set_client = utf8 */;
CREATE TABLE `vmeta_role_module_field` (
  `id` char(32) NOT NULL,
  `roleId` char(32) DEFAULT NULL,
  `moduleId` char(32) DEFAULT NULL,
  `webId` varchar(50) DEFAULT NULL,
  `rules` mediumtext,
  PRIMARY KEY (`id`),
  KEY `FKE8450ECC16D91227` (`roleId`),
  KEY `FKE8450ECC9DDC20AE` (`moduleId`)
) ENGINE=InnoDB DEFAULT CHARSET=utf8;
/*!40101 SET character_set_client = @saved_cs_client */;

--
-- Dumping data for table `vmeta_role_module_field`
--

LOCK TABLES `vmeta_role_module_field` WRITE;
/*!40000 ALTER TABLE `vmeta_role_module_field` DISABLE KEYS */;
/*!40000 ALTER TABLE `vmeta_role_module_field` ENABLE KEYS */;
UNLOCK TABLES;

--
-- Table structure for table `vmeta_role_module_operate`
--

DROP TABLE IF EXISTS `vmeta_role_module_operate`;
/*!40101 SET @saved_cs_client     = @@character_set_client */;
/*!40101 SET character_set_client = utf8 */;
CREATE TABLE `vmeta_role_module_operate` (
  `id` char(32) NOT NULL,
  `webId` varchar(50) DEFAULT NULL,
  `useable` char(1) DEFAULT NULL,
  `roleId` char(32) DEFAULT NULL,
  `moduleId` char(32) DEFAULT NULL,
  PRIMARY KEY (`id`),
  KEY `FKD3494AD616D91227` (`roleId`),
  KEY `FKD3494AD69DDC20AE` (`moduleId`)
) ENGINE=InnoDB DEFAULT CHARSET=utf8;
/*!40101 SET character_set_client = @saved_cs_client */;

--
-- Dumping data for table `vmeta_role_module_operate`
--

LOCK TABLES `vmeta_role_module_operate` WRITE;
/*!40000 ALTER TABLE `vmeta_role_module_operate` DISABLE KEYS */;
INSERT INTO `vmeta_role_module_operate` VALUES ('402881c92ca0977f012ca099911c0002','dictionary_new','F','402881c92ca0977f012ca09978a30001','402881c921f0eed60121f0f13b560002'),('402881c92ca0977f012ca09991220003','dictionary_edit','F','402881c92ca0977f012ca09978a30001','402881c921f0eed60121f0f13b560002'),('402881c92ca0977f012ca099916c0004','dictionary_sort','F','402881c92ca0977f012ca09978a30001','402881c921f0eed60121f0f13b560002'),('402881c92ca0977f012ca09991780005','dictionary_delete','F','402881c92ca0977f012ca09978a30001','402881c921f0eed60121f0f13b560002'),('402881c92ca0977f012ca09991900006','dictionary_view','F','402881c92ca0977f012ca09978a30001','402881c921f0eed60121f0f13b560002'),('402881c92ca0977f012ca099a4380007','department_view','T','402881c92ca0977f012ca09978a30001','402881c921f0fb2e0121f10954190001'),('402881c92ca0977f012ca099a43b0008','department_new','T','402881c92ca0977f012ca09978a30001','402881c921f0fb2e0121f10954190001'),('402881c92ca0977f012ca099a46c0009','department_edit','T','402881c92ca0977f012ca09978a30001','402881c921f0fb2e0121f10954190001'),('402881c92ca0977f012ca099a49f000a','department_delete','T','402881c92ca0977f012ca09978a30001','402881c921f0fb2e0121f10954190001'),('402881c92ca0977f012ca099af3c000b','users_new','T','402881c92ca0977f012ca09978a30001','402881c921f0fb2e0121f10c56aa0006'),('402881c92ca0977f012ca099af3f000c','users_edit','T','402881c92ca0977f012ca09978a30001','402881c921f0fb2e0121f10c56aa0006'),('402881c92ca0977f012ca099af72000d','users_delete','T','402881c92ca0977f012ca09978a30001','402881c921f0fb2e0121f10c56aa0006'),('402881c92ca0977f012ca099afb5000e','users_view','T','402881c92ca0977f012ca09978a30001','402881c921f0fb2e0121f10c56aa0006'),('402881c92ca0977f012ca099afbe000f','users_linkrole','T','402881c92ca0977f012ca09978a30001','402881c921f0fb2e0121f10c56aa0006'),('402881c92ca0977f012ca099d38a001e','role_view','T','402881c92ca0977f012ca09978a30001','402881c921f1e38e0121f1eb06b90005'),('402881c92ca0977f012ca099d38d001f','role_new','T','402881c92ca0977f012ca09978a30001','402881c921f1e38e0121f1eb06b90005'),('402881c92ca0977f012ca099d3c80020','role_edit','T','402881c92ca0977f012ca09978a30001','402881c921f1e38e0121f1eb06b90005'),('402881c92ca0977f012ca099d4150021','role_setup','T','402881c92ca0977f012ca09978a30001','402881c921f1e38e0121f1eb06b90005'),('402881c92ca0977f012ca099d41b0022','role_linkusers','T','402881c92ca0977f012ca09978a30001','402881c921f1e38e0121f1eb06b90005'),('402881c92ca0977f012ca099d4210023','role_delete','T','402881c92ca0977f012ca09978a30001','402881c921f1e38e0121f1eb06b90005'),('402881e6418292630141829263ab0000','company_view','F','402881c92ca0977f012ca09978a30001','402881e6418192750141829192aa0009'),('402881e6418292630141829270780001','card_view','F','402881c92ca0977f012ca09978a30001','402881e64181927501418290b1700008'),('402881e641829263014182927c0a0002','sys_view','T','402881c92ca0977f012ca09978a30001','402881e6418192750141829071230007'),('402881e641829263014182953fd50003','company_view','F','ff8080813c55b78c013c55dfdbb60041','402881e6418192750141829192aa0009'),('402881e6418292630141829570230004','card_view','T','ff8080813c55b78c013c55e0649d0042','402881e64181927501418290b1700008'),('402881e64182926301418296973b0005','company_view','F','ff8080813c55b78c013c55df0e67003f','402881e6418192750141829192aa0009'),('402881e641829263014182994d900006','sys_view','T','ff8080813c55b78c013c55df0e67003f','402881e6418192750141829071230007'),('402881e64187b332014187b3324e0000','syswarn_view','T','402881c92ca0977f012ca09978a30001','402881e64187b0f6014187b1ffe00001'),('402881e64187b332014187b332b70001','syswarn_delete','T','402881c92ca0977f012ca09978a30001','402881e64187b0f6014187b1ffe00001'),('402881e64188988b0141889fdc770002','department_view','F','ff8080813c55b78c013c55df64c50040','402881c921f0fb2e0121f10954190001'),('402881e64188988b0141889fdca20003','department_new','F','ff8080813c55b78c013c55df64c50040','402881c921f0fb2e0121f10954190001'),('402881e64188988b0141889fdcd30004','department_edit','F','ff8080813c55b78c013c55df64c50040','402881c921f0fb2e0121f10954190001'),('402881e64188988b0141889fdcd60005','department_delete','F','ff8080813c55b78c013c55df64c50040','402881c921f0fb2e0121f10954190001'),('402881e64188988b014188a0aeea0006','sys_view','F','ff8080813c55b78c013c55dfdbb60041','402881e6418192750141829071230007'),('402881e6418b82b301418b892e560002','comstatement_view','T','ff8080813c55b78c013c55df64c50040','402881e6418b86e901418b8893630001'),('402881e6418b82b301418b8baf4c0004','comstatement_view','F','ff8080813c55b78c013c55dfdbb60041','402881e6418b86e901418b8893630001'),('402881e642ac8da00142adcdfcd20001','comnumber_new','F','ff8080813c55b78c013c55e0649d0042','ff8080813c558a16013c55a4426a0008'),('402881e642ac8da00142adcdfcef0002','comnumber_edit','F','ff8080813c55b78c013c55e0649d0042','ff8080813c558a16013c55a4426a0008'),('402881e642ac8da00142adcdfcf30003','comnumber_view','F','ff8080813c55b78c013c55e0649d0042','ff8080813c558a16013c55a4426a0008'),('402881e642ac8da00142adcdfcf60004','comnumber_delete','F','ff8080813c55b78c013c55e0649d0042','ff8080813c558a16013c55a4426a0008'),('402881e642ac8da00142adcdfcfa0005','comnumber_import','F','ff8080813c55b78c013c55e0649d0042','ff8080813c558a16013c55a4426a0008'),('402881e642ade5070142ade5074a0000','enterprise_view','T','ff8080813c55b78c013c55dfdbb60041','402881e642ade26c0142ade377ba0001'),('402881e642ade5070142ade7df960001','enterprise_new','T','ff8080813c55b78c013c55dfdbb60041','402881e642ade26c0142ade377ba0001'),('402881e642ade5070142ade7df990002','enterprise_edit','T','ff8080813c55b78c013c55dfdbb60041','402881e642ade26c0142ade377ba0001'),('402881e642ade5070142ade7df9c0003','enterprise_import','T','ff8080813c55b78c013c55dfdbb60041','402881e642ade26c0142ade377ba0001'),('402881e642ade5070142ade7df9f0004','enterprise_delete','T','ff8080813c55b78c013c55dfdbb60041','402881e642ade26c0142ade377ba0001'),('402881e842a7b90a0142a7b90a630000','users_new','F','ff8080813c55b78c013c55df64c50040','402881c921f0fb2e0121f10c56aa0006'),('402881e842a7b90a0142a7b90a660001','users_edit','F','ff8080813c55b78c013c55df64c50040','402881c921f0fb2e0121f10c56aa0006'),('402881e842a7b90a0142a7b90a690002','users_delete','F','ff8080813c55b78c013c55df64c50040','402881c921f0fb2e0121f10c56aa0006'),('402881e842a7b90a0142a7b90a6b0003','users_view','F','ff8080813c55b78c013c55df64c50040','402881c921f0fb2e0121f10c56aa0006'),('402881e842a7b90a0142a7b90a6e0004','users_linkrole','F','ff8080813c55b78c013c55df64c50040','402881c921f0fb2e0121f10c56aa0006'),('ff8080813c55b78c013c55b78c6d0000','comnumber_new','F','402881c92ca0977f012ca09978a30001','ff8080813c558a16013c55a4426a0008'),('ff8080813c55b78c013c55b78d100001','comnumber_edit','F','402881c92ca0977f012ca09978a30001','ff8080813c558a16013c55a4426a0008'),('ff8080813c55b78c013c55b78e390002','comnumber_view','F','402881c92ca0977f012ca09978a30001','ff8080813c558a16013c55a4426a0008'),('ff8080813c55b78c013c55b78eca0003','comnumber_delete','F','402881c92ca0977f012ca09978a30001','ff8080813c558a16013c55a4426a0008'),('ff8080813c55b78c013c55cecb8b000c','department_view','F','ff8080813c55b78c013c55cc91690005','402881c921f0fb2e0121f10954190001'),('ff8080813c55b78c013c55cecc10000d','department_new','F','ff8080813c55b78c013c55cc91690005','402881c921f0fb2e0121f10954190001'),('ff8080813c55b78c013c55cecc76000e','department_edit','F','ff8080813c55b78c013c55cc91690005','402881c921f0fb2e0121f10954190001'),('ff8080813c55b78c013c55cecce6000f','department_delete','F','ff8080813c55b78c013c55cc91690005','402881c921f0fb2e0121f10954190001'),('ff8080813c55b78c013c55cee7e50010','users_new','T','ff8080813c55b78c013c55cc91690005','402881c921f0fb2e0121f10c56aa0006'),('ff8080813c55b78c013c55cee8470011','users_edit','T','ff8080813c55b78c013c55cc91690005','402881c921f0fb2e0121f10c56aa0006'),('ff8080813c55b78c013c55cee8a10012','users_delete','T','ff8080813c55b78c013c55cc91690005','402881c921f0fb2e0121f10c56aa0006'),('ff8080813c55b78c013c55cee8fa0013','users_view','T','ff8080813c55b78c013c55cc91690005','402881c921f0fb2e0121f10c56aa0006'),('ff8080813c55b78c013c55cee9530014','users_linkrole','T','ff8080813c55b78c013c55cc91690005','402881c921f0fb2e0121f10c56aa0006'),('ff8080813c55b78c013c55e26f5b0044','users_new','T','ff8080813c55b78c013c55df0e67003f','402881c921f0fb2e0121f10c56aa0006'),('ff8080813c55b78c013c55e26fb30045','users_edit','T','ff8080813c55b78c013c55df0e67003f','402881c921f0fb2e0121f10c56aa0006'),('ff8080813c55b78c013c55e2700c0046','users_delete','T','ff8080813c55b78c013c55df0e67003f','402881c921f0fb2e0121f10c56aa0006'),('ff8080813c55b78c013c55e270870047','users_view','T','ff8080813c55b78c013c55df0e67003f','402881c921f0fb2e0121f10c56aa0006'),('ff8080813c55b78c013c55e270e00048','users_linkrole','T','ff8080813c55b78c013c55df0e67003f','402881c921f0fb2e0121f10c56aa0006'),('ff8080813c55b78c013c55e28aa20049','department_view','F','ff8080813c55b78c013c55df0e67003f','402881c921f0fb2e0121f10954190001'),('ff8080813c55b78c013c55e28b2a004a','department_new','F','ff8080813c55b78c013c55df0e67003f','402881c921f0fb2e0121f10954190001'),('ff8080813c55b78c013c55e28b90004b','department_edit','F','ff8080813c55b78c013c55df0e67003f','402881c921f0fb2e0121f10954190001'),('ff8080813c55b78c013c55e28bf4004c','department_delete','F','ff8080813c55b78c013c55df0e67003f','402881c921f0fb2e0121f10954190001'),('ff8080813c55b78c013c55e2c7af004d','comnumber_new','F','ff8080813c55b78c013c55df64c50040','ff8080813c558a16013c55a4426a0008'),('ff8080813c55b78c013c55e2c83e004e','comnumber_edit','F','ff8080813c55b78c013c55df64c50040','ff8080813c558a16013c55a4426a0008'),('ff8080813c55b78c013c55e2c8a3004f','comnumber_view','F','ff8080813c55b78c013c55df64c50040','ff8080813c558a16013c55a4426a0008'),('ff8080813c55b78c013c55e2c9080050','comnumber_delete','F','ff8080813c55b78c013c55df64c50040','ff8080813c558a16013c55a4426a0008'),('ff8080813c55b78c013c55e2c9610051','comnumber_import','F','ff8080813c55b78c013c55df64c50040','ff8080813c558a16013c55a4426a0008'),('ff8080813c55b78c013c55e3856a0052','department_view','F','ff8080813c55b78c013c55dfdbb60041','402881c921f0fb2e0121f10954190001'),('ff8080813c55b78c013c55e385ec0053','department_new','F','ff8080813c55b78c013c55dfdbb60041','402881c921f0fb2e0121f10954190001'),('ff8080813c55b78c013c55e386510054','department_edit','F','ff8080813c55b78c013c55dfdbb60041','402881c921f0fb2e0121f10954190001'),('ff8080813c55b78c013c55e386cd0055','department_delete','F','ff8080813c55b78c013c55dfdbb60041','402881c921f0fb2e0121f10954190001'),('ff8080813c55b78c013c55e38fc00056','users_new','F','ff8080813c55b78c013c55dfdbb60041','402881c921f0fb2e0121f10c56aa0006'),('ff8080813c55b78c013c55e3903e0057','users_edit','F','ff8080813c55b78c013c55dfdbb60041','402881c921f0fb2e0121f10c56aa0006'),('ff8080813c55b78c013c55e390a20058','users_delete','F','ff8080813c55b78c013c55dfdbb60041','402881c921f0fb2e0121f10c56aa0006'),('ff8080813c55b78c013c55e391070059','users_view','F','ff8080813c55b78c013c55dfdbb60041','402881c921f0fb2e0121f10c56aa0006'),('ff8080813c55b78c013c55e3916b005a','users_linkrole','F','ff8080813c55b78c013c55dfdbb60041','402881c921f0fb2e0121f10c56aa0006'),('ff8080813c55b78c013c55e39e47005b','comnumber_new','F','ff8080813c55b78c013c55dfdbb60041','ff8080813c558a16013c55a4426a0008'),('ff8080813c55b78c013c55e39eac005c','comnumber_edit','F','ff8080813c55b78c013c55dfdbb60041','ff8080813c558a16013c55a4426a0008'),('ff8080813c55b78c013c55e39f06005d','comnumber_view','F','ff8080813c55b78c013c55dfdbb60041','ff8080813c558a16013c55a4426a0008'),('ff8080813c55b78c013c55e39f5f005e','comnumber_delete','F','ff8080813c55b78c013c55dfdbb60041','ff8080813c558a16013c55a4426a0008'),('ff8080813c55b78c013c55e39fb9005f','comnumber_import','F','ff8080813c55b78c013c55dfdbb60041','ff8080813c558a16013c55a4426a0008'),('ff8080813c55b78c013c55e3cb220060','cardcontent_new','T','ff8080813c55b78c013c55e0649d0042','ff8080813c558a16013c55a352fd0004'),('ff8080813c55b78c013c55e3cb9b0061','cardcontent_delete','T','ff8080813c55b78c013c55e0649d0042','ff8080813c558a16013c55a352fd0004'),('ff8080813c55b78c013c55e3cbff0062','cardcontent_view','T','ff8080813c55b78c013c55e0649d0042','ff8080813c558a16013c55a352fd0004'),('ff8080813c55b78c013c55e3d7580063','cardrule_new','T','ff8080813c55b78c013c55e0649d0042','ff8080813c558a16013c55a382150005'),('ff8080813c55b78c013c55e3d7d00064','cardrule_edit','T','ff8080813c55b78c013c55e0649d0042','ff8080813c558a16013c55a382150005'),('ff8080813c55b78c013c55e3d82a0065','cardrule_delete','T','ff8080813c55b78c013c55e0649d0042','ff8080813c558a16013c55a382150005'),('ff8080813c55b78c013c55e3d88e0066','cardrule_view','T','ff8080813c55b78c013c55e0649d0042','ff8080813c558a16013c55a382150005'),('ff8080813c55b78c013c55e3e0700067','cardgroup_new','T','ff8080813c55b78c013c55e0649d0042','ff8080813c558a16013c55a3df6c0006'),('ff8080813c55b78c013c55e3e0db0068','cardgroup_edit','T','ff8080813c55b78c013c55e0649d0042','ff8080813c558a16013c55a3df6c0006'),('ff8080813c55b78c013c55e3e14b0069','cardgroup_delete','T','ff8080813c55b78c013c55e0649d0042','ff8080813c558a16013c55a3df6c0006'),('ff8080813c55b78c013c55e3e1bc006a','cardgroup_view','T','ff8080813c55b78c013c55e0649d0042','ff8080813c558a16013c55a3df6c0006'),('ff8080813c55b78c013c55e3eadd006b','cardnumber_view','T','ff8080813c55b78c013c55e0649d0042','ff8080813c558a16013c55a4014f0007'),('ff8080813c55b78c013c55e3eb38006c','cardnumber_edit','T','ff8080813c55b78c013c55e0649d0042','ff8080813c558a16013c55a4014f0007'),('ff8080813c56e38d013c56e3dabc0001','cardcontentverify_view','T','ff8080813c56e38d013c56e38d290000','ff8080813c56e0ea013c56e18a680001'),('ff8080813c56e38d013c56e3db4e0002','cardcontentverify_edit','T','ff8080813c56e38d013c56e38d290000','ff8080813c56e0ea013c56e18a680001');
/*!40000 ALTER TABLE `vmeta_role_module_operate` ENABLE KEYS */;
UNLOCK TABLES;

--
-- Table structure for table `vmeta_role_module_scopedatavisible`
--

DROP TABLE IF EXISTS `vmeta_role_module_scopedatavisible`;
/*!40101 SET @saved_cs_client     = @@character_set_client */;
/*!40101 SET character_set_client = utf8 */;
CREATE TABLE `vmeta_role_module_scopedatavisible` (
  `id` char(32) NOT NULL,
  `roleId` char(32) DEFAULT NULL,
  `moduleId` char(32) DEFAULT NULL,
  `usersId` char(32) DEFAULT NULL,
  `webId` varchar(50) DEFAULT NULL,
  `visible` char(1) DEFAULT NULL,
  PRIMARY KEY (`id`),
  KEY `FK97D38D62699EB18B` (`usersId`),
  KEY `FK97D38D6216D91227` (`roleId`),
  KEY `FK97D38D629DDC20AE` (`moduleId`)
) ENGINE=InnoDB DEFAULT CHARSET=utf8;
/*!40101 SET character_set_client = @saved_cs_client */;

--
-- Dumping data for table `vmeta_role_module_scopedatavisible`
--

LOCK TABLES `vmeta_role_module_scopedatavisible` WRITE;
/*!40000 ALTER TABLE `vmeta_role_module_scopedatavisible` DISABLE KEYS */;
/*!40000 ALTER TABLE `vmeta_role_module_scopedatavisible` ENABLE KEYS */;
UNLOCK TABLES;

--
-- Table structure for table `vmeta_role_module_scopedeptvisible`
--

DROP TABLE IF EXISTS `vmeta_role_module_scopedeptvisible`;
/*!40101 SET @saved_cs_client     = @@character_set_client */;
/*!40101 SET character_set_client = utf8 */;
CREATE TABLE `vmeta_role_module_scopedeptvisible` (
  `id` char(32) NOT NULL,
  `roleId` char(32) DEFAULT NULL,
  `moduleId` char(32) DEFAULT NULL,
  `departmentId` char(32) DEFAULT NULL,
  `webId` varchar(50) DEFAULT NULL,
  `visible` char(1) DEFAULT NULL,
  PRIMARY KEY (`id`)
) ENGINE=InnoDB DEFAULT CHARSET=utf8;
/*!40101 SET character_set_client = @saved_cs_client */;

--
-- Dumping data for table `vmeta_role_module_scopedeptvisible`
--

LOCK TABLES `vmeta_role_module_scopedeptvisible` WRITE;
/*!40000 ALTER TABLE `vmeta_role_module_scopedeptvisible` DISABLE KEYS */;
/*!40000 ALTER TABLE `vmeta_role_module_scopedeptvisible` ENABLE KEYS */;
UNLOCK TABLES;

--
-- Table structure for table `vmeta_role_module_users`
--

DROP TABLE IF EXISTS `vmeta_role_module_users`;
/*!40101 SET @saved_cs_client     = @@character_set_client */;
/*!40101 SET character_set_client = utf8 */;
CREATE TABLE `vmeta_role_module_users` (
  `id` char(32) NOT NULL,
  `roleId` char(32) DEFAULT NULL,
  `moduleId` char(32) DEFAULT NULL,
  `users` mediumtext,
  PRIMARY KEY (`id`),
  KEY `FKE91CFBDA16D91227` (`roleId`),
  KEY `FKE91CFBDA9DDC20AE` (`moduleId`)
) ENGINE=InnoDB DEFAULT CHARSET=utf8;
/*!40101 SET character_set_client = @saved_cs_client */;

--
-- Dumping data for table `vmeta_role_module_users`
--

LOCK TABLES `vmeta_role_module_users` WRITE;
/*!40000 ALTER TABLE `vmeta_role_module_users` DISABLE KEYS */;
/*!40000 ALTER TABLE `vmeta_role_module_users` ENABLE KEYS */;
UNLOCK TABLES;

--
-- Table structure for table `vmeta_role_users`
--

DROP TABLE IF EXISTS `vmeta_role_users`;
/*!40101 SET @saved_cs_client     = @@character_set_client */;
/*!40101 SET character_set_client = utf8 */;
CREATE TABLE `vmeta_role_users` (
  `id` char(32) NOT NULL,
  `roleId` char(32) DEFAULT NULL,
  `usersId` char(32) DEFAULT NULL,
  PRIMARY KEY (`id`),
  KEY `FK3ADC043699EB18B` (`usersId`),
  KEY `FK3ADC04316D91227` (`roleId`)
) ENGINE=InnoDB DEFAULT CHARSET=utf8;
/*!40101 SET character_set_client = @saved_cs_client */;

--
-- Dumping data for table `vmeta_role_users`
--

LOCK TABLES `vmeta_role_users` WRITE;
/*!40000 ALTER TABLE `vmeta_role_users` DISABLE KEYS */;
INSERT INTO `vmeta_role_users` VALUES ('402881c92d53b0f8012d55002b210009','402881c92ca0977f012ca09978a30001','XXXXXXXXXXXXXXXXXXXXXXXXXXXXXXXX'),('402881e842a7c7f80142a7c9d4730003','ff8080813c55b78c013c55cc91690005','402881e842a7c7f80142a7c7f88e0000'),('402881e842a7c7f80142a7de621e0007','ff8080813c55b78c013c55df0e67003f','402881e842a7c7f80142a7de620b0006'),('402881e842a7e47a0142a7ebe2010004','ff8080813c55b78c013c55df0e67003f','402881e842a7c7f80142a7dce66b0004'),('402881e842a7e47a0142a7ee95dc0006','ff8080813c55b78c013c55df64c50040','402881e842a7e47a0142a7ee95cb0005'),('402881e842a7f5140142a7f56b590001','ff8080813c55b78c013c55e0649d0042','ff8080813c56c46e013c56c615550001'),('402881e842a7f5140142a7f5978f0002','ff8080813c55b78c013c55df0e67003f','402881e842a7e47a0142a7e47ab70000'),('ff8080813c55b78c013c55e22ffa0043','ff8080813c55b78c013c55cc91690005','ff8080813c55b78c013c55da5ed4003a'),('ff8080813c55b78c013c55e494c9006d','ff8080813c55b78c013c55df0e67003f','ff8080813c55b78c013c55ddb9fa003e'),('ff8080813c55b78c013c55e93b9e006f','ff8080813c55b78c013c55df64c50040','ff8080813c55b78c013c55e926b2006e'),('ff8080813c55b78c013c55ebc3a70074','ff8080813c55b78c013c55dfdbb60041','ff8080813c55b78c013c55eb4bb50072'),('ff8080813c56e38d013c56e482700004','ff8080813c56e38d013c56e38d290000','ff8080813c56e38d013c56e464f80003');
/*!40000 ALTER TABLE `vmeta_role_users` ENABLE KEYS */;
UNLOCK TABLES;

--
-- Table structure for table `vmeta_version`
--

DROP TABLE IF EXISTS `vmeta_version`;
/*!40101 SET @saved_cs_client     = @@character_set_client */;
/*!40101 SET character_set_client = utf8 */;
CREATE TABLE `vmeta_version` (
  `id` char(32) NOT NULL,
  `version` char(5) NOT NULL,
  PRIMARY KEY (`id`)
) ENGINE=InnoDB DEFAULT CHARSET=utf8;
/*!40101 SET character_set_client = @saved_cs_client */;

--
-- Dumping data for table `vmeta_version`
--

LOCK TABLES `vmeta_version` WRITE;
/*!40000 ALTER TABLE `vmeta_version` DISABLE KEYS */;
INSERT INTO `vmeta_version` VALUES ('MMMMMMMMMMMMMMMMMMMMMMMMMMMMMMMM','0.0.1');
/*!40000 ALTER TABLE `vmeta_version` ENABLE KEYS */;
UNLOCK TABLES;
/*!40103 SET TIME_ZONE=@OLD_TIME_ZONE */;

/*!40101 SET SQL_MODE=@OLD_SQL_MODE */;
/*!40014 SET FOREIGN_KEY_CHECKS=@OLD_FOREIGN_KEY_CHECKS */;
/*!40014 SET UNIQUE_CHECKS=@OLD_UNIQUE_CHECKS */;
/*!40101 SET CHARACTER_SET_CLIENT=@OLD_CHARACTER_SET_CLIENT */;
/*!40101 SET CHARACTER_SET_RESULTS=@OLD_CHARACTER_SET_RESULTS */;
/*!40101 SET COLLATION_CONNECTION=@OLD_COLLATION_CONNECTION */;
/*!40111 SET SQL_NOTES=@OLD_SQL_NOTES */;

-- Dump completed on 2013-12-01 19:48:22
